type,manufacturer,name,chip_id,size,flash_page,chip_class,algo,delay,eeprom_extend,eeprom,unk2,eeprom_page,voltage
SPI_FLASH,AMIC,A25L05PU,3612688,65536,256,0,0,1000,0,0,0,1,0
SPI_FLASH,AMIC,A25L05PT,3612704,65536,256,0,0,300,0,0,0,1,0
SPI_FLASH,AMIC,A25L10PU,3612689,131072,256,0,0,300,0,0,0,1,0
SPI_FLASH,AMIC,A25L20PU,3612690,262144,256,0,0,300,0,0,0,1,0
SPI_FLASH,AMIC,A25L20PT,3612706,262144,256,0,0,300,0,0,0,1,0
SPI_FLASH,AMIC,A25L512,3616784,65536,256,0,0,300,0,0,0,0,0
SPI_FLASH,AMIC,A25L010,3616785,131072,256,0,0,300,0,0,0,0,0
SPI_FLASH,AMIC,A25L020,3616786,262144,256,0,0,500,0,0,0,0,0
SPI_FLASH,AMIC,A25L40P,3612691,65536,256,0,0,1000,0,0,0,0,0
SPI_FLASH,AMIC,A25L040,3616787,524288,256,0,0,500,0,0,0,0,0
SPI_FLASH,AMIC,A25L80P,3612692,1048576,256,0,0,500,0,0,0,0,0
SPI_FLASH,AMIC,A25L080,3616789,1048576,256,0,0,500,0,0,0,0,0
SPI_FLASH,AMIC,A25L016,3616789,2097152,256,0,0,500,0,0,0,0,0
SPI_FLASH,AMIC,A25L032,3616790,4194304,256,0,0,1000,0,0,0,0,0
SPI_FLASH,AMIC,A25LQ32A,3620886,4194304,256,0,0,1000,0,0,0,0,0
SPI_FLASH,ATMEL,AT25FS010,2057729,131072,256,0,0,1000,0,0,0,0,0
SPI_FLASH,ATMEL,AT25FS040,2057732,524288,256,0,0,1000,0,0,0,0,0
SPI_FLASH,ATMEL,AT25F512,2057472,65536,256,0,0,1000,0,0,0,0,0
SPI_FLASH,ATMEL,AT25F512B,2057472,65536,256,0,0,1000,0,0,0,0,0
SPI_FLASH,ATMEL,AT25F512A,2057472,65536,256,0,0,1000,0,0,0,0,0
SPI_FLASH,ATMEL,AT25F1024,31,131072,256,0,0,1000,0,0,0,0,0
SPI_FLASH,ATMEL,AT25F2048,31,262144,256,0,0,1000,0,0,0,0,0
SPI_FLASH,ATMEL,AT25F4096,31,524288,256,0,0,1000,0,0,0,0,0
SPI_FLASH,ATMEL,AT25DF021,2048768,262144,256,0,0,1000,0,0,0,0,0
SPI_FLASH,ATMEL,AT25DF041A,2049025,524288,256,0,0,1000,0,0,0,0,0
SPI_FLASH,ATMEL,AT25DF081A,2049281,1048576,256,0,0,1000,0,0,0,0,0
SPI_FLASH,ATMEL,AT25DF161A,2049538,2097152,256,0,0,1000,0,0,0,0,0
SPI_FLASH,ATMEL,AT25DF321,2049792,4194304,256,0,0,1000,0,0,0,0,0
SPI_FLASH,ATMEL,AT25DF321A,2049793,4194304,256,0,0,1000,0,0,0,0,0
SPI_FLASH,ATMEL,AT25DF641,2050048,8388608,256,0,0,1000,0,0,0,0,0
SPI_FLASH,ATMEL,AT26F004,2032640,524288,256,0,0,1000,0,0,0,0,0
SPI_FLASH,ATMEL,AT26DF041,2049024,524288,256,0,0,1000,0,0,0,0,0
SPI_FLASH,ATMEL,AT26DF081A,2049281,1048576,256,0,0,1000,0,0,0,0,0
SPI_FLASH,ATMEL,AT26DF161A,2049537,2097152,256,0,0,1000,0,0,0,0,0
SPI_FLASH,ATMEL,AT26DF161,2049536,2097152,256,0,0,1000,0,0,0,0,0
SPI_FLASH,ATMEL,AT26DF321,2049792,4194304,256,0,0,1000,0,0,0,0,0
SPI_FLASH,EON,EN25B05,1843216,65536,256,0,0,200,0,0,0,0,0
SPI_FLASH,EON,EN25B05T,1843216,65536,256,0,0,200,0,0,0,0,0
SPI_FLASH,EON,EN25F05,1847568,65536,256,0,0,200,0,0,0,0,0
SPI_FLASH,EON,EN25P05,1843216,65536,256,0,0,200,0,0,0,0,0
SPI_FLASH,EON,EN25LF05,1847568,65536,256,0,0,200,0,0,0,0,0
SPI_FLASH,EON,EN25F10,1847569,131072,256,0,0,200,0,0,0,0,0
SPI_FLASH,EON,EN25P10,1843217,131072,256,0,0,200,0,0,0,0,0
SPI_FLASH,EON,EN25LF10,1847569,131072,256,0,0,200,0,0,0,0,0
SPI_FLASH,EON,EN25LF20,1847570,262144,256,0,0,1000,0,0,0,0,0
SPI_FLASH,EON,EN25F20,1847570,262144,256,0,0,1000,0,0,0,0,0
SPI_FLASH,EON,EN25F40,1847571,524288,256,0,0,1000,0,0,0,0,0
SPI_FLASH,EON,EN25LF40,0,65536,32,0,0,10000,0,0,0,0,1
SPI_FLASH,EON,EN25Q80,1847316,1048576,256,0,0,1000,0,0,0,0,0
SPI_FLASH,EON,EN25P80,1843220,1048576,256,0,0,1000,0,0,0,0,0
SPI_FLASH,EON,EN25T80,1855764,1048576,256,0,0,500,0,0,0,0,0
SPI_FLASH,EON,EN25F80,1847572,1048576,256,0,0,500,0,0,0,0,0
SPI_FLASH,EON,EN25D16,1847317,2097152,256,0,0,1000,0,0,0,0,0
SPI_FLASH,EON,EN25B16,1843221,2097152,256,0,0,1000,0,0,0,0,0
SPI_FLASH,EON,EN25B16T,1843221,2097152,256,0,0,1000,0,0,0,0,0
SPI_FLASH,EON,EN25F16,1847573,2097152,256,0,0,1000,0,0,0,0,0
SPI_FLASH,EON,EN25Q16,1847317,2097152,256,0,0,1000,0,0,0,0,0
SPI_FLASH,EON,EN25QH16,1863701,2097152,256,0,0,1000,0,0,0,0,0
SPI_FLASH,EON,EN25T16,1855765,2097152,256,0,0,1000,0,0,0,0,0
SPI_FLASH,EON,EN25B32,1843222,4194304,256,0,0,1000,0,0,0,0,0
SPI_FLASH,EON,EN25B32T,1843222,4194304,256,0,0,1000,0,0,0,0,0
SPI_FLASH,EON,EN25P32,1843222,4194304,256,0,0,1000,0,0,0,0,0
SPI_FLASH,EON,EN25F32,1847574,4194304,256,0,0,1000,0,0,0,0,0
SPI_FLASH,EON,EN25Q32,1848086,4194304,256,0,0,1000,0,0,0,0,0
SPI_FLASH,EON,EN25B64,1843223,8388608,256,0,0,1000,0,0,0,0,0
SPI_FLASH,EON,EN25B64T,1843223,8388608,256,0,0,1000,0,0,0,0,0
SPI_FLASH,EON,EN25P64,1843223,8388608,256,0,0,1000,0,0,0,0,0
SPI_FLASH,EON,EN25Q64,1847319,8388608,256,0,0,1000,0,0,0,0,0
SPI_FLASH,EON,EN25Q128,1847320,16777216,256,0,0,1000,0,0,0,0,0
SPI_FLASH,EON,ES25P40,4857875,262144,256,0,0,1000,0,0,0,0,0
SPI_FLASH,ESI,ES25P80,4857876,1048576,256,0,0,1000,0,0,0,0,0
SPI_FLASH,ESI,ES25P16,4857877,2097152,256,0,0,1000,0,0,0,0,0
SPI_FLASH,ESMT,F25L04UA,9211020,262144,256,0,0,1000,0,0,0,0,0
SPI_FLASH,ESMT,F25L004A,9183251,262144,256,0,0,1000,0,0,0,0,0
SPI_FLASH,ESMT,F25L08PA,9183252,1048576,256,0,0,1000,0,0,0,0,0
SPI_FLASH,ESMT,F25L008A,9183252,1048576,256,0,0,1000,0,0,0,0,0
SPI_FLASH,ESMT,F25L016A,9183253,2097152,256,0,0,1000,0,0,0,0,0
SPI_FLASH,ESMT,F25L16PA,9180180,2097152,256,0,0,1000,0,0,0,0,0
SPI_FLASH,ESMT,F25L32PA,9183254,4194304,256,0,0,1000,0,0,0,0,0
SPI_FLASH,ESMT,F25L32QA,9191446,4194304,256,0,0,1000,0,0,0,0,0
SPI_FLASH,ESMT,F25L64QA,9191703,8388608,256,0,0,1000,0,0,0,0,0
SPI_FLASH,SST,SST25VF040,12526989,524288,256,0,1,100,0,0,0,0,0
SPI_FLASH,GIGADEVICE,GD25Q512,13123600,65536,256,0,0,1000,0,0,0,0,0
SPI_FLASH,GIGADEVICE,GD25Q10,13123601,131072,256,0,0,1000,0,0,0,0,0
SPI_FLASH,GIGADEVICE,GD25Q20B,13123602,262144,256,0,0,1000,0,0,0,0,0
SPI_FLASH,GIGADEVICE,GD25Q21B,13123858,262144,256,0,0,1000,0,0,0,0,0
SPI_FLASH,GIGADEVICE,GD25Q40B,13123603,524288,256,0,0,1000,0,0,0,0,0
SPI_FLASH,GIGADEVICE,GD25Q41B,13123603,524288,256,0,0,1000,0,0,0,0,0
SPI_FLASH,GIGADEVICE,GD25LQ40,13131795,524288,256,0,0,1000,0,0,0,0,0
SPI_FLASH,GIGADEVICE,GD25F40,13115411,524288,256,0,0,1000,0,0,0,0,0
SPI_FLASH,GIGADEVICE,GD25F80,13115412,1048576,256,0,0,1000,0,0,0,0,0
SPI_FLASH,GIGADEVICE,GD25Q80,13123604,1048576,256,0,0,1000,0,0,0,0,0
SPI_FLASH,GIGADEVICE,GD25Q16,13123605,2097152,256,0,0,1000,0,0,0,0,0
SPI_FLASH,GIGADEVICE,GD25Q32B,13123606,4194304,256,0,0,1000,0,0,0,0,0
SPI_FLASH,GIGADEVICE,GD25Q64,13123607,8388608,256,0,0,1000,0,0,0,0,0
SPI_FLASH,GIGADEVICE,GD25Q128,13123608,16777216,256,0,0,1000,0,0,0,0,0
SPI_FLASH,GIGADEVICE,GD25Q256,13123609,33554432,256,0,0,1000,0,0,0,0,0
SPI_FLASH,GIGADEVICE,GD25Q256MC,13123616,67108864,256,0,0,1000,0,0,0,0,0
SPI_FLASH,MXIC,KH25L4006E,794643,524288,256,0,0,1000,0,0,0,0,0
SPI_FLASH,MXIC,KH25L8006E,794644,1048576,256,0,0,1000,0,0,0,0,0
SPI_FLASH,MXIC,KH25L8036,12723733,1048576,256,0,0,1000,0,0,0,0,0
SPI_FLASH,MXIC,KH25L1606E,794645,2097152,256,0,0,1000,0,0,0,0,0
SPI_FLASH,MXIC,MS25X40,3616787,524288,256,0,0,1000,0,0,0,0,0
SPI_FLASH,MXIC,MX25V512,12722192,65536,256,0,0,1000,0,0,0,0,0
SPI_FLASH,MXIC,MX25L512,12722192,65536,256,0,0,1000,0,0,0,0,0
SPI_FLASH,MXIC,MX25V1005,12722193,131072,256,0,0,1000,0,0,0,0,0
SPI_FLASH,MXIC,MX25V2005,12722194,262144,256,0,0,1000,0,0,0,0,0
SPI_FLASH,MXIC,MX25L2005,12722194,262144,256,0,0,1000,0,0,0,0,0
SPI_FLASH,MXIC,MX25U4035,12723507,524288,256,0,0,1000,0,0,0,0,0
SPI_FLASH,MXIC,MX25V4035,12723539,524288,256,0,0,1000,0,0,0,0,0
SPI_FLASH,MXIC,MX25V4005,12722195,524288,256,0,0,1000,0,0,0,0,0
SPI_FLASH,MXIC,MX25L4005,12722195,524288,256,0,0,1000,0,0,0,0,0
SPI_FLASH,MXIC,MX25V8005,12722196,1048576,256,0,0,1000,0,0,0,0,0
SPI_FLASH,MXIC,MX25L8005,12722196,1048576,256,0,0,1000,0,0,0,0,0
SPI_FLASH,MXIC,MX25V8035,12723540,1048576,256,0,0,1000,0,0,0,0,0
SPI_FLASH,MXIC,MX25U8035,12723508,1048576,256,0,0,1000,0,0,0,0,0
SPI_FLASH,MXIC,MX25L8006E,12722196,1048576,256,0,0,1000,0,0,0,0,0
SPI_FLASH,MXIC,MX25L1606E,12722197,2097152,256,0,0,1000,0,0,0,0,0
SPI_FLASH,MXIC,MX25L1605A,12722197,2097152,256,0,0,1000,0,0,0,0,0
SPI_FLASH,MXIC,MX25L1635D,12723221,2097152,256,0,0,1000,0,0,0,0,0
SPI_FLASH,MXIC,MX25L1633E,12723221,2097152,256,0,0,1000,0,0,0,0,0
SPI_FLASH,MXIC,MX25L1635E,12723477,2097152,256,0,0,1000,0,0,0,0,0
SPI_FLASH,MXIC,MX25L1636D,12723221,2097152,256,0,0,1000,0,0,0,0,0
SPI_FLASH,MXIC,MX25L1636E,12723477,2097152,256,0,0,1000,0,0,0,0,0
SPI_FLASH,MXIC,MX25L1608D,12722197,2097152,256,0,0,1000,0,0,0,0,0
SPI_FLASH,MXIC,MX25L1608E,12722197,2097152,256,0,0,1000,0,0,0,0,0
SPI_FLASH,MXIC,MX25U1635E,12723509,2097152,256,0,0,1000,0,0,0,0,0
SPI_FLASH,MXIC,MX25L3225D,12738070,4194304,256,0,0,1000,0,0,0,0,0
SPI_FLASH,MXIC,MX25L3237D,12738070,4194304,256,0,0,1000,0,0,0,0,0
SPI_FLASH,MXIC,MX25L3236D,12738070,4194304,256,0,0,1000,0,0,0,0,0
SPI_FLASH,MXIC,MX25L3206E,12722198,4194304,256,0,0,1000,0,0,0,0,0
SPI_FLASH,MXIC,MX25L3235D,12738070,4194304,256,0,0,1000,0,0,0,0,0
SPI_FLASH,MXIC,MX25U3235F,12723510,4194304,256,0,0,1000,0,0,0,0,0
SPI_FLASH,MXIC,MX25U3235E,12723510,4194304,256,0,0,1000,0,0,0,0,0
SPI_FLASH,MXIC,MX25L3208D,12722198,4194304,256,0,0,1000,0,0,0,0,0
SPI_FLASH,MXIC,MX25L3208E,12722198,4194304,256,0,0,1000,0,0,0,0,0
SPI_FLASH,MXIC,MX25L3205D,12722198,4194304,256,0,0,1000,0,0,0,0,0
SPI_FLASH,MXIC,MX25L6455E,12723735,8388608,256,0,0,1000,0,0,0,0,0
SPI_FLASH,MXIC,MX25L6465E,12722199,8388608,256,0,0,1000,0,0,0,0,0
SPI_FLASH,MXIC,MX25L6408D,12722199,8388608,256,0,0,1000,0,0,0,0,0
SPI_FLASH,MXIC,MX25L6408E,12722199,8388608,256,0,0,1000,0,0,0,0,0
SPI_FLASH,MXIC,MX25L6406E,12722199,8388608,256,0,0,1000,0,0,0,0,0
SPI_FLASH,MXIC,MX25L6445E,12722199,8388608,256,0,0,1000,0,0,0,0,0
SPI_FLASH,MXIC,MX25L6405D,12722199,8388608,256,0,0,1000,0,0,0,0,0
SPI_FLASH,MXIC,MX25L6436E,12722199,8388608,256,0,0,1000,0,0,0,0,0
SPI_FLASH,MXIC,MX25L12805D,12722200,16777216,256,0,0,1000,0,0,0,0,0
SPI_FLASH,MXIC,MX25L12835E,12722200,16777216,256,0,0,1000,0,0,0,0,0
SPI_FLASH,MXIC,MX25L12835F,12722200,16777216,256,0,0,1000,0,0,0,0,0
SPI_FLASH,MXIC,MX25U12835F,12723512,16777216,256,0,0,1000,0,0,0,0,0
SPI_FLASH,MXIC,MX25L12845E,12722200,16777216,256,0,0,1000,0,0,0,0,0
SPI_FLASH,MXIC,MX25L12836E,12722200,16777216,256,0,0,1000,0,0,0,0,0
SPI_FLASH,MXIC,MX25L12865E,12722200,16777216,256,0,0,1000,0,0,0,0,0
SPI_FLASH,MXIC,MX25L12855E,12723736,16777216,256,0,0,1000,0,0,0,0,0
SPI_FLASH,MXIC,MX25L25635E,12722201,33554432,256,0,0,1000,0,0,0,0,0
SPI_FLASH,MXIC,MX25L25635F,12722201,33554432,256,0,0,1000,0,0,0,0,0
SPI_FLASH,MXIC,MX25L25639F,12722201,33554432,256,0,0,1000,0,0,0,0,0
SPI_FLASH,MXIC,MX25L25735E,12722201,33554432,256,0,0,1000,0,0,0,0,0
SPI_FLASH,MXIC,MX25L25735F,12722201,33554432,256,0,0,1000,0,0,0,0,0
SPI_FLASH,MXIC,MX25U25635F,12723513,33554432,256,0,0,1000,0,0,0,0,0
SPI_FLASH,MXIC,MX66U51235F,12723514,67108864,256,0,0,3000,0,0,0,0,0
SPI_FLASH,MXIC,MX66L51235F,12722202,67108864,256,0,0,3000,0,0,0,0,0
SPI_FLASH,PMC,PM25LV512A,10321787,65536,256,0,0,1000,0,0,0,0,0
SPI_FLASH,PMC,PM25LV010A,10321788,131072,256,0,0,1000,0,0,0,0,0
SPI_FLASH,PMC,PM25LV020,10321789,262144,256,0,0,1000,0,0,0,0,0
SPI_FLASH,PMC,PM25LV040,10321790,524288,256,0,0,1000,0,0,0,0,0
SPI_FLASH,PMC,PM25LV080,10321791,65536,256,0,0,1000,0,0,0,0,0
SPI_FLASH,SPANSION,S25FL001,66064,131072,256,0,0,1000,0,0,0,0,0
SPI_FLASH,SPANSION,S25FL002,66065,262144,256,0,0,1000,0,0,0,0,0
SPI_FLASH,SPANSION,S25FL004,66066,524288,256,0,0,1000,0,0,0,0,0
SPI_FLASH,SPANSION,S25FL008,66067,1048576,256,0,0,1000,0,0,0,0,0
SPI_FLASH,SPANSION,S25FL016,66068,2097152,256,0,0,1000,0,0,0,0,0
SPI_FLASH,SPANSION,S25FL032,66069,4194304,256,0,0,1000,0,0,0,0,0
SPI_FLASH,SPANSION,S25FL064,66070,8388608,256,0,0,1000,0,0,0,0,0
SPI_FLASH,SPANSION,S25FL128,73752,16777216,256,0,0,1000,0,0,0,0,0
SPI_FLASH,SST,SST25WF512,12526849,65536,256,0,1,1000,0,0,0,0,0
SPI_FLASH,SST,SST25WF010,12526850,131072,256,0,1,1000,0,0,0,0,0
SPI_FLASH,SST,SST25WF020,12526851,262144,256,0,1,1000,0,0,0,0,0
SPI_FLASH,SST,SST25WF040,12526852,524288,256,0,1,1000,0,0,0,0,0
SPI_FLASH,SST,SST25VF040B,12526989,524288,256,0,1,1000,0,0,0,0,0
SPI_FLASH,SST,SST25VF080B,12526990,1048576,256,0,1,1000,0,0,0,0,0
SPI_FLASH,SST,SST25VF016B,12526913,2097152,256,0,1,1000,0,0,0,0,0
SPI_FLASH,SST,SST25VF032B,12526922,4194304,256,0,1,1000,0,0,0,0,0
SPI_FLASH,SST,SST25VF064B,12526923,8388608,256,0,1,1000,0,0,0,0,0
SPI_FLASH,SST,SST26VF016,12527105,2097152,256,0,1,1000,0,0,0,0,0
SPI_FLASH,SST,SST26VF032,12527106,4194304,256,0,1,1000,0,0,0,0,0
SPI_FLASH,MICRON,M25P05A,2105360,65536,256,0,1,1000,0,0,0,0,0
SPI_FLASH,MICRON,M25P10A,2105361,131072,256,0,1,1000,0,0,0,0,0
SPI_FLASH,MICRON,M25P20,2105362,262144,256,0,1,1000,0,0,0,0,0
SPI_FLASH,MICRON,M25P40,2105363,524288,256,0,1,1000,0,0,0,0,0
SPI_FLASH,MICRON,M25P80,2105364,1048576,256,0,0,1000,0,0,0,0,0
SPI_FLASH,MICRON,M25P16,2105365,2097152,256,0,0,1000,0,0,0,0,0
SPI_FLASH,MICRON,M25P32,2105366,4194304,256,0,0,1000,0,0,0,0,0
SPI_FLASH,MICRON,M25P64,2105367,8388608,256,0,0,1000,0,0,0,0,0
SPI_FLASH,MICRON,M25P128,2105368,16777216,256,0,0,1000,0,0,0,0,0
SPI_FLASH,MICRON,M25PX16,2126101,2097152,256,0,0,1000,0,0,0,0,0
SPI_FLASH,MICRON,M25PX32,2126102,4194304,256,0,0,1000,0,0,0,0,0
SPI_FLASH,MICRON,M25PX64,2126103,8388608,256,0,0,1000,0,0,0,0,0
SPI_FLASH,MICRON,M25PE10,2129937,131072,256,0,0,1000,0,0,0,0,0
SPI_FLASH,MICRON,M25PE20,2129938,262144,256,0,0,1000,0,0,0,0,0
SPI_FLASH,MICRON,M25PE40,2129939,524288,256,0,0,1000,0,0,0,0,0
SPI_FLASH,MICRON,M25PE80,2129940,1048576,256,0,0,1000,0,0,0,0,0
SPI_FLASH,MICRON,M25PE16,2129941,2097152,256,0,0,1000,0,0,0,0,0
SPI_FLASH,WINBOND,W25X10,15675409,131072,256,0,0,1000,0,0,0,0,0
SPI_FLASH,WINBOND,W25X20,15675410,262144,256,0,0,1000,0,0,0,0,0
SPI_FLASH,WINBOND,W25X40,15675411,524288,256,0,0,1000,0,0,0,0,0
SPI_FLASH,WINBOND,W25X80,15675412,1048576,256,0,0,1000,0,0,0,0,0
SPI_FLASH,WINBOND,W25D80,15675412,1048576,256,0,0,1000,0,0,0,0,0
SPI_FLASH,WINBOND,W25X16,15675413,2097152,256,0,0,1000,0,0,0,0,0
SPI_FLASH,WINBOND,W25X32,15675414,4194304,256,0,0,1000,0,0,0,0,0
SPI_FLASH,WINBOND,W25X64,15675415,8388608,256,0,0,1000,0,0,0,0,0
SPI_FLASH,WINBOND,W25Q40,15679507,524288,256,0,0,1000,0,0,0,0,0
SPI_FLASH,WINBOND,W25Q80,15679508,1048576,256,0,0,1000,0,0,0,0,0
SPI_FLASH,WINBOND,W25Q16,15679509,2097152,256,0,0,1000,0,0,0,0,0
SPI_FLASH,WINBOND,W25Q32,15679510,4194304,256,0,0,1000,0,0,0,0,0
SPI_FLASH,WINBOND,W25Q64,15679511,8388608,256,0,0,1000,0,0,0,0,0
SPI_FLASH,WINBOND,W25Q128,15679512,16777216,256,0,0,1000,0,0,0,0,0
SPI_FLASH,WINBOND,W25Q256,15679513,33554432,256,0,0,1000,0,0,0,0,0
24_EEPROM,ATMEL,AT24C01,0,128,8,1,0,4000,0,0,0,0,0
24_EEPROM,ATMEL,AT24C02,0,256,8,1,0,4000,0,0,0,0,0
24_EEPROM,ATMEL,AT24C04,0,512,16,1,0,4000,0,0,0,0,0
24_EEPROM,ATMEL,AT24C08,0,1024,16,1,0,4000,0,0,0,0,0
24_EEPROM,ATMEL,AT24C16,0,2048,16,1,0,4000,0,0,0,0,0
24_EEPROM,ATMEL,AT24C32,0,4096,32,1,1,2000,0,0,0,0,0
24_EEPROM,ATMEL,AT24C64,0,8192,32,1,1,4000,0,0,0,0,0
24_EEPROM,ATMEL,AT24C128,0,16384,64,1,1,4000,0,0,0,0,0
24_EEPROM,ATMEL,AT24C256,0,32768,64,1,1,4000,0,0,0,0,0
24_EEPROM,ATMEL,AT24C512,0,65536,128,1,1,4000,0,0,0,1,0
93_EEPROM,ATMEL,AT93C46@16,0,128,16,2,87,100,0,0,0,0,0
93_EEPROM,ATMEL,AT93C46@8,0,128,16,2,7,100,0,0,0,0,0
93_EEPROM,ATMEL,AT93C56@8,0,256,16,2,9,100,0,0,0,0,0
93_EEPROM,ATMEL,AT93C56@16,0,256,16,2,89,100,0,0,0,0,0
93_EEPROM,ATMEL,AT93C57@16,0,256,16,2,88,100,0,0,0,0,0
93_EEPROM,ATMEL,AT93C66@16,0,512,16,2,89,100,0,0,0,0,0
93_EEPROM,ATMEL,AT93C76@16,0,1024,16,2,90,100,0,0,0,0,0
93_EEPROM,ATMEL,AT93C86@16,0,2048,16,2,91,100,0,0,0,0,0
93_EEPROM,ATMEL,AT93C66@8,0,512,16,2,9,100,0,0,0,1,0
24_EEPROM,ATMEL,AT24C1024,0,131072,256,1,1,4000,0,0,0,1,0
25_EEPROM,ATMEL,AT25010,0,128,1,3,0,3000,0,0,0,4,0
25_EEPROM,ATMEL,AT25020,0,256,64,3,0,100,0,0,0,4,2
25_EEPROM,ATMEL,AT25040,0,512,64,3,0,100,0,0,0,4,2
25_EEPROM,ATMEL,AT25080,0,1024,64,3,1,100,0,0,0,4,2
25_EEPROM,ATMEL,AT25160,0,2048,64,3,1,100,0,0,0,4,2
25_EEPROM,ATMEL,AT25320,0,4096,32,3,1,3000,0,0,0,4,2
25_EEPROM,ATMEL,AT25640,0,8192,32,3,1,3000,0,0,0,4,2
25_EEPROM,ATMEL,AT25128,0,16384,64,3,1,100,0,0,0,4,2
25_EEPROM,ATMEL,AT25256,0,32768,64,3,1,0,0,0,0,4,2
25_EEPROM,MICROCHIP,25LC1024,0,131072,256,3,2,0,0,0,0,4,2
25_EEPROM,FM,FM25L16,0,2048,8,3,1,3000,0,0,0,4,0
25_EEPROM,FM,FM25CL64,0,8192,32,3,1,3000,0,0,0,4,0
25_EEPROM,CAT,CAT25C64,0,8192,32,3,1,0,0,0,0,4,0
93_EEPROM,SII,S93C46,0,128,16,2,87,1000,0,0,0,1,0
93_EEPROM,SII,S93C56,0,256,16,2,88,1000,0,0,0,1,0
93_EEPROM,SII,S93C76,0,1024,16,2,10,1000,0,0,0,1,0
93_EEPROM,MICTOCHIP,93LC86_16,0,2048,16,2,123,1000,0,0,0,1,0
93_EEPROM,MICTOCHIP,93LC86_8,0,2048,1,2,43,1000,0,0,0,1,0
95_EEPROM,ST,M95010,0,128,16,4,0,0,0,2,0,4,0
95_EEPROM,ST,M95020,0,256,16,4,0,0,0,2,0,4,0
95_EEPROM,ST,M95040,0,512,16,4,0,0,0,2,0,4,0
95_EEPROM,ST,M95080,0,1024,32,4,1,0,0,2,0,4,0
95_EEPROM,ST,M95160,0,2048,32,4,1,0,0,2,0,4,0
95_EEPROM,ST,M95320,0,4096,32,4,1,0,0,2,0,4,0
95_EEPROM,ST,M95640,0,8192,32,4,1,0,0,2,0,4,0
95_EEPROM,ST,M95128,0,16384,64,4,1,0,0,2,0,4,0
95_EEPROM,ST,M95256,0,32768,64,4,1,0,0,2,0,4,0
95_EEPROM,ST,M95512,0,65536,128,4,1,0,0,2,0,4,0
95_EEPROM,ST,M95M01,0,131072,256,4,2,0,0,2,0,4,0
95_EEPROM,ST,M95M02,0,262144,256,4,2,0,0,2,0,4,0
SPI_FLASH,WINBOND,W25Q64FW(1.8V),15687703,8388608,256,0,0,1000,0,0,0,1,0
25_EEPROM,MICROCHIP,25AA010A,0,128,16,3,0,3000,0,0,0,4,2
25_EEPROM,MICROCHIP,25AA020A,0,256,16,3,0,3000,0,0,0,4,2
25_EEPROM,MICROCHIP,25AA040A,0,512,16,3,0,3000,0,0,0,4,2
25_EEPROM,MICROCHIP,25AA080A,0,1024,16,3,1,3000,0,0,0,4,2
25_EEPROM,MICROCHIP,25AA016C,0,2048,16,3,1,3000,0,0,0,4,2
25_EEPROM,MICROCHIP,25AA0320,0,4096,32,3,1,3000,0,0,0,4,2
25_EEPROM,MICROCHIP,25AA0640,0,8192,32,3,1,3000,0,0,0,4,2
25_EEPROM,MICROCHIP,25AA128,0,16384,64,3,1,3000,0,0,0,4,2
25_EEPROM,MICROCHIP,25AA256,0,32768,64,3,1,3000,0,0,0,4,2
25_EEPROM,MICROCHIP,25AA512,0,65536,128,3,1,3000,0,0,0,4,2
25_EEPROM,MICROCHIP,25AA1024,0,131072,256,3,1,3000,0,0,0,4,2
25_EEPROM,MICROCHIP,25LC010,0,128,16,3,0,3000,0,0,0,4,2
25_EEPROM,MICROCHIP,25LC020,0,256,16,3,0,3000,0,0,0,4,2
25_EEPROM,MICROCHIP,25LC040,0,512,16,3,0,3000,0,0,0,4,2
25_EEPROM,MICROCHIP,25LC080A,0,1024,16,3,1,3000,0,0,0,4,2
25_EEPROM,MICROCHIP,25LC080B,0,1024,32,3,1,3000,0,0,0,4,2
25_EEPROM,MICROCHIP,25LC16C,0,2048,16,3,1,3000,0,0,0,4,2
25_EEPROM,MICROCHIP,25LC320,0,4096,32,3,1,3000,0,0,0,4,2
25_EEPROM,MICROCHIP,25C320,0,4096,32,3,1,3000,0,0,0,4,2
25_EEPROM,MICROCHIP,25LC640,0,8192,32,3,1,3000,0,0,0,4,2
25_EEPROM,MICROCHIP,25C640,0,8192,32,3,1,3000,0,0,0,4,2
25_EEPROM,MICROCHIP,25LC128,0,16384,32,3,1,3000,0,0,0,4,2
25_EEPROM,MICROCHIP,25C128,0,16384,32,3,1,3000,0,0,0,4,2
25_EEPROM,MICROCHIP,25LC256,0,32768,64,3,1,3000,0,0,0,4,2
25_EEPROM,MICROCHIP,25C256,0,32768,64,3,1,3000,0,0,0,4,2
25_EEPROM,MICROCHIP,25C512,0,65536,128,3,1,3000,0,0,0,4,2
25_EEPROM,MICROCHIP,25LC512,0,65536,128,3,1,3000,0,0,0,4,2
25_EEPROM,MICROCHIP,25LC1024,0,131072,256,3,1,0,0,0,0,4,2
25_EEPROM,CATALYST,CAT25C01,0,128,16,3,0,4000,0,0,0,4,2
25_EEPROM,CATALYST,CAT25C01P,0,128,16,3,0,4000,0,0,0,4,2
25_EEPROM,CATALYST,CAT25C01S,0,128,16,3,0,4000,0,0,0,4,2
25_EEPROM,CATALYST,CAT25C01U,0,128,16,3,0,4000,0,0,0,4,2
25_EEPROM,CATALYST,CAT25C02,0,256,16,3,0,4000,0,0,0,4,2
25_EEPROM,CATALYST,CAT25C02P,0,256,16,3,0,4000,0,0,0,4,2
25_EEPROM,CATALYST,CAT25C02S,0,256,16,3,0,4000,0,0,0,4,2
25_EEPROM,CATALYST,CAT25C04P,0,512,16,3,0,4000,0,0,0,4,2
25_EEPROM,CATALYST,CAT25C04S,0,512,16,3,0,4000,0,0,0,4,2
25_EEPROM,CATALYST,CAT25C04U,0,512,16,3,0,4000,0,0,0,4,2
25_EEPROM,CATALYST,CAT25C08,0,1024,32,3,0,4000,0,0,0,4,2
25_EEPROM,CATALYST,CAT25C08P,0,1024,32,3,0,4000,0,0,0,4,2
25_EEPROM,CATALYST,CAT25C08S,0,1024,32,3,0,4000,0,0,0,4,2
25_EEPROM,CATALYST,CAT25C08U,0,1024,32,3,0,4000,0,0,0,4,2
25_EEPROM,CATALYST,CAT25C16P,0,2048,32,3,0,4000,0,0,0,4,2
25_EEPROM,CATALYST,CAT25C16U,0,2048,32,3,0,4000,0,0,0,4,2
25_EEPROM,CATALYST,CAT25C16S,0,2048,32,3,0,4000,0,0,0,4,2
25_EEPROM,CATALYST,CAT25C11,0,128,16,3,0,4000,0,0,0,4,2
25_EEPROM,CATALYST,CAT25C03P,0,256,16,3,0,4000,0,0,0,4,2
25_EEPROM,CATALYST,CAT25C03S,0,256,16,3,0,4000,0,0,0,4,2
25_EEPROM,CATALYST,CAT25C03U,0,256,16,3,0,4000,0,0,0,4,2
25_EEPROM,CATALYST,CAT25C05P,0,512,16,3,0,4000,0,0,0,4,2
25_EEPROM,CATALYST,CAT25C05U,0,512,16,3,0,4000,0,0,0,4,2
25_EEPROM,CATALYST,CAT25C05S,0,512,16,3,0,4000,0,0,0,4,2
25_EEPROM,CATALYST,CAT25C09P,0,1024,32,3,1,4000,0,0,0,4,2
25_EEPROM,CATALYST,CAT25C09S,0,1024,32,3,1,4000,0,0,0,4,2
25_EEPROM,CATALYST,CAT25C09U,0,1024,32,3,1,4000,0,0,0,4,2
25_EEPROM,CATALYST,CAT25C17P,0,2048,32,3,1,4000,0,0,0,4,2
25_EEPROM,CATALYST,CAT25C17S,0,2048,32,3,1,4000,0,0,0,4,2
25_EEPROM,CATALYST,CAT25C17U,0,2048,32,3,1,4000,0,0,0,4,2
25_EEPROM,CATALYST,CAT25C32P,0,4096,64,3,1,4000,0,0,0,4,2
25_EEPROM,CATALYST,CAT25C32S,0,4096,64,3,1,4000,0,0,0,4,2
25_EEPROM,CATALYST,CAT25C32U,0,4096,64,3,1,4000,0,0,0,4,2
25_EEPROM,CATALYST,CAT25C64P,0,8192,64,3,1,4000,0,0,0,4,2
25_EEPROM,CATALYST,CAT25C64S,0,8192,64,3,1,4000,0,0,0,4,2
25_EEPROM,CATALYST,CAT25C64U,0,8192,64,3,1,4000,0,0,0,4,2
25_EEPROM,CATALYST,CAT25C128P,0,16384,64,3,1,4000,0,0,0,4,2
25_EEPROM,CATALYST,CAT25C128S,0,16384,64,3,1,4000,0,0,0,4,2
25_EEPROM,CATALYST,CAT25C128U,0,16384,64,3,1,4000,0,0,0,4,2
25_EEPROM,CATALYST,CAT25C256P,0,32768,64,3,1,4000,0,0,0,4,2
25_EEPROM,CATALYST,CAT25C256U,0,32768,64,3,1,4000,0,0,0,4,2
25_EEPROM,CATALYST,CAT25C256S,0,32768,64,3,1,4000,0,0,0,4,2
25_EEPROM,CATALYST,CAT25C33P,0,4096,64,3,1,4000,0,0,0,4,2
25_EEPROM,CATALYST,CAT25C33S,0,4096,64,3,1,4000,0,0,0,4,2
25_EEPROM,CATALYST,CAT25C33U,0,4096,64,3,1,4000,0,0,0,4,2
25_EEPROM,CATALYST,CAT25C65P,0,8192,64,3,1,4000,0,0,0,4,2
25_EEPROM,CATALYST,CAT25C65S,0,8192,64,3,1,4000,0,0,0,4,2
25_EEPROM,CATALYST,CAT25C65U,0,8192,64,3,1,4000,0,0,0,4,2
25_EEPROM,COMMON,25010,0,128,4,3,0,2000,0,0,0,4,2
25_EEPROM,COMMON,25020,0,256,4,3,0,2000,0,0,0,4,2
25_EEPROM,COMMON,25040,0,512,8,3,0,2000,0,0,0,4,2
25_EEPROM,COMMON,25080,0,512,8,3,0,2000,0,0,0,4,2
25_EEPROM,COMMON,25160,0,1024,16,3,1,2000,0,0,0,4,2
25_EEPROM,COMMON,25320,0,2048,32,3,1,2000,0,0,0,4,2
25_EEPROM,COMMON,25640,0,4096,64,3,1,2000,0,0,0,4,2
25_EEPROM,COMMON,25128,0,8192,128,3,1,2000,0,0,0,4,2
25_EEPROM,COMMON,25256,0,16384,256,3,1,2000,0,0,0,4,2
25_EEPROM,COMMON,25512,0,32768,256,3,1,2000,0,0,0,4,2
25_EEPROM,RAMTRON,FM25040,0,512,32,3,0,2000,0,0,0,4,2
25_EEPROM,RAMTRON,FM25CL40,0,512,32,3,0,2000,0,0,0,4,2
25_EEPROM,RAMTRON,FM25L16,0,2048,32,3,1,2000,0,0,0,4,2
25_EEPROM,RAMTRON,FM25C160,0,2048,32,3,1,2000,0,0,0,4,2
25_EEPROM,RAMTRON,FM25640,0,8192,32,3,1,2000,0,0,0,4,2
25_EEPROM,RAMTRON,FM25CL64,0,8192,32,3,1,2000,0,0,0,4,2
25_EEPROM,RAMTRON,FM25L256,0,32768,128,3,1,2000,0,0,0,4,2
25_EEPROM,RAMTRON,FM25L128,0,16384,128,3,1,2000,0,0,0,4,2
25_EEPROM,ST,ST25C01,0,128,8,3,0,2000,0,0,0,4,2
25_EEPROM,ST,ST25W01,0,128,8,3,0,2000,0,0,0,4,2
25_EEPROM,ST,ST25C02,0,256,8,3,0,2000,0,0,0,4,2
25_EEPROM,ST,ST25W02,0,256,8,3,0,2000,0,0,0,4,2
25_EEPROM,ST,ST25C04,0,512,8,3,0,2000,0,0,0,4,2
25_EEPROM,ST,ST25W04,0,512,8,3,0,2000,0,0,0,4,2
25_EEPROM,ST,ST25C08,0,1024,16,3,1,2000,0,0,0,4,2
25_EEPROM,ST,ST25W08,0,1024,16,3,1,2000,0,0,0,4,2
25_EEPROM,ST,ST25C16,0,2048,16,3,1,2000,0,0,0,4,2
25_EEPROM,ST,ST25W16,0,2048,16,3,1,2000,0,0,0,4,2
25_EEPROM,TI,TI2516,0,2048,16,3,1,2000,0,0,0,4,2
25_EEPROM,TI,TI2532,0,4096,16,3,1,2000,0,0,0,4,2
25_EEPROM,TI,TI25080,0,1024,8,3,1,2000,0,0,0,4,2
25_EEPROM,TI,TI2532A,0,4096,16,3,1,2000,0,0,0,4,2
25_EEPROM,TI,TI2564,0,8192,64,3,1,2000,0,0,0,4,2
25_EEPROM,XICOR,X25010,0,128,4,3,0,2000,0,0,0,4,2
25_EEPROM,XICOR,X25020,0,256,4,3,0,2000,0,0,0,4,2
25_EEPROM,XICOR,X25040,0,512,4,3,0,2000,0,0,0,4,2
25_EEPROM,XICOR,X25080,0,1024,32,3,1,2000,0,0,0,4,2
25_EEPROM,XICOR,X25041,0,512,4,3,0,3000,0,0,0,4,2
25_EEPROM,XICOR,X25043,0,512,4,3,0,3000,0,0,0,4,2
25_EEPROM,XICOR,X25045,0,512,4,3,0,3000,0,0,0,4,2
25_EEPROM,XICOR,X25021,0,256,4,3,0,3000,0,0,0,4,2
25_EEPROM,XICOR,X25160,0,2048,32,3,1,3000,0,0,0,4,2
25_EEPROM,XICOR,X25170,0,2048,32,3,1,3000,0,0,0,4,2
25_EEPROM,XICOR,X25320,0,4096,32,3,1,3000,0,0,0,4,2
25_EEPROM,XICOR,X25640,0,8192,32,3,1,3000,0,0,0,4,2
25_EEPROM,XICOR,X25128,0,16384,32,3,1,3000,0,0,0,4,2
25_EEPROM,XICOR,X25256,0,32768,64,3,1,3000,0,0,0,4,2
25_EEPROM,XICOR,X25512,0,65536,64,3,1,3000,0,0,0,4,2
25_EEPROM,XICOR,X25F008,0,1024,32,3,1,3000,0,0,0,4,2
25_EEPROM,XICOR,X25F016,0,2048,32,3,1,3000,0,0,0,4,2
25_EEPROM,XICOR,X25F032,0,4096,32,3,1,3000,0,0,0,4,2
25_EEPROM,XICOR,X25F064,0,8192,32,3,1,3000,0,0,0,4,2
93_EEPROM,ST,ST93C46@8bit,0,128,16,2,7,3000,0,2,0,4,2
93_EEPROM,ST,ST93C46@8bit,0,128,16,2,7,3000,0,2,0,4,2
93_EEPROM,ST,ST93C56@8bit,0,256,16,2,9,3000,0,2,0,4,2
93_EEPROM,ST,ST93C56@16bit,0,256,16,2,89,3000,0,2,0,4,2
93_EEPROM,ST,ST93C66@8bit,0,512,16,2,9,3000,0,2,0,4,2
93_EEPROM,ST,ST93C66@16bit,0,512,16,2,89,3000,0,2,0,4,2
93_EEPROM,ST,M93C46@8bit,0,128,16,2,7,4000,0,2,0,4,2
93_EEPROM,ST,M93C46@16bit,0,128,16,2,87,4000,0,2,0,4,2
93_EEPROM,ST,M93C56@8bit,0,256,16,2,9,3000,0,2,0,4,2
93_EEPROM,ST,M93C56@16bit,0,256,16,2,89,3000,0,2,0,4,2
93_EEPROM,ST,M93C66@8bit,0,512,16,2,9,3000,0,2,0,4,2
93_EEPROM,ST,M93C66@16bit,0,512,16,2,89,3000,0,2,0,4,2
93_EEPROM,ST,ST93C76@8bit,0,1024,16,2,10,2000,0,2,0,4,2
93_EEPROM,ST,ST93C86@8bit,0,2048,16,2,11,100,0,2,0,4,2
93_EEPROM,ST,M93C76@16bit,0,1024,16,2,90,2000,0,2,0,4,2
93_EEPROM,ST,M93C86@16bit,0,2048,16,2,91,100,0,2,0,4,2
93_EEPROM,ST,M93S46,0,128,16,2,87,2000,0,2,0,4,2
93_EEPROM,ST,M93S46R,0,128,16,2,87,2000,0,2,0,4,2
93_EEPROM,ST,M93S46W,0,128,16,2,87,2000,0,2,0,4,2
93_EEPROM,ST,M93S56R,0,256,16,2,89,2000,0,2,0,4,2
93_EEPROM,ST,M93S66W,0,512,16,2,89,2000,0,2,0,4,2
93_EEPROM,ST,M93S66R,0,512,16,2,89,2000,0,2,0,4,2
93_EEPROM,ACE,ACE93C46@8bit,0,128,16,2,7,2000,0,2,0,4,2
93_EEPROM,ACE,ACE93C46@16bit,0,128,16,2,87,2000,0,2,0,4,2
93_EEPROM,ACE,ACE93C56@8bit,0,256,16,2,9,2000,0,2,0,4,2
93_EEPROM,ACE,ACE93C56@16bit,0,256,16,2,89,2000,0,2,0,4,2
93_EEPROM,ACE,ACE93C66@8bit,0,512,16,2,9,2000,0,2,0,4,2
93_EEPROM,ACE,ACE93C66@16bit,0,512,16,2,89,2000,0,2,0,4,2
93_EEPROM,ANACHIP,93C46,0,128,16,2,87,2000,0,2,0,4,2
93_EEPROM,ANACHIP,93C56,0,256,16,2,89,2000,0,2,0,4,2
93_EEPROM,ANACHIP,93C66,0,512,16,2,89,2000,0,2,0,4,2
93_EEPROM,CATALYST,CAT93C46@8bit,0,128,16,2,7,2000,0,2,0,4,2
93_EEPROM,CATALYST,CAT93C56@8bit,0,256,16,2,9,2000,0,2,0,4,2
93_EEPROM,CATALYST,CAT93C57@8bit,0,256,16,2,8,2000,0,2,0,4,2
93_EEPROM,CATALYST,CAT93C66@8bit,0,512,16,2,9,2000,0,2,0,4,2
93_EEPROM,CATALYST,CAT93C86@8bit,0,2048,16,2,11,2000,0,2,0,4,2
93_EEPROM,CATALYST,CAT93C46@16bit,0,128,16,2,87,2000,0,2,0,4,2
93_EEPROM,CATALYST,CAT93C56@16bit,0,256,16,2,89,2000,0,2,0,4,2
93_EEPROM,CATALYST,CAT93C57@16bit,0,256,16,2,88,2000,0,2,0,4,2
93_EEPROM,CATALYST,CAT93C66@16bit,0,512,16,2,89,2000,0,2,0,4,2
93_EEPROM,CATALYST,CAT93C86@16bit,0,2048,16,2,91,2000,0,2,0,4,2
93_EEPROM,ATC,ATC93C46@8bit,0,128,16,2,7,2000,0,2,0,4,2
93_EEPROM,ATC,ATC93C46@16bit,0,128,16,2,87,2000,0,2,0,4,2
93_EEPROM,ATC,ATC93C56@8bit,0,256,16,2,9,2000,0,2,0,4,2
93_EEPROM,ATC,ATC93C56@16bit,0,256,16,2,89,2000,0,2,0,4,2
93_EEPROM,ATC,ATC93C66@8bit,0,512,16,2,9,2000,0,2,0,4,2
93_EEPROM,ATC,ATC93C66@16bit,0,512,16,2,89,2000,0,2,0,4,2
93_EEPROM,ATC,ATC93LC46@8bit,0,128,16,2,7,2000,0,2,0,4,2
93_EEPROM,ATC,ATC93LC46@16bit,0,128,16,2,87,2000,0,2,0,4,2
93_EEPROM,ATC,ATC93LC56@8bit,0,256,16,2,9,2000,0,2,0,4,2
93_EEPROM,ATC,ATC93LC56@16bit,0,256,16,2,89,2000,0,2,0,4,2
93_EEPROM,ATC,ATC93LC66@8bit,0,512,16,2,9,2000,0,2,0,4,2
93_EEPROM,ATC,ATC93LC66@16bit,0,512,16,2,89,2000,0,2,0,4,2
93_EEPROM,EOREX,EM93LC46@8bit,0,128,16,2,7,2000,0,2,0,4,2
93_EEPROM,EOREX,EM93LC46@16bit,0,128,16,2,87,2000,0,2,0,4,2
93_EEPROM,EOREX,EM93LC56@8bit,0,256,16,2,9,2000,0,2,0,4,2
93_EEPROM,EOREX,EM93LC56@16bit,0,256,16,2,89,2000,0,2,0,4,2
93_EEPROM,EOREX,EM93LC57@8bit,0,256,16,2,8,2000,0,2,0,4,2
93_EEPROM,EOREX,EM93LC57@16bit,0,256,16,2,88,2000,0,2,0,4,2
93_EEPROM,EOREX,EM93LC66@8bit,0,512,16,2,9,2000,0,2,0,4,2
93_EEPROM,EOREX,EM93LC66@16bit,0,512,16,2,89,2000,0,2,0,4,2
93_EEPROM,EOREX,EM93LC86@8bit,0,2048,16,2,11,2000,0,2,0,4,2
93_EEPROM,EOREX,EM93LC86@16bit,0,2048,16,2,91,2000,0,2,0,4,2
93_EEPROM,MCROCHIP,93C46@8bit,0,128,16,2,7,2000,0,2,0,4,2
93_EEPROM,MCROCHIP,93C46@16bit,0,128,16,2,87,2000,0,2,0,4,2
93_EEPROM,MCROCHIP,93C56@8bit,0,256,16,2,9,2000,0,2,0,4,2
93_EEPROM,MCROCHIP,93C56@16bit,0,256,16,2,89,2000,0,2,0,4,2
93_EEPROM,MCROCHIP,93C66@8bit,0,512,16,2,9,2000,0,2,0,4,2
93_EEPROM,MCROCHIP,93C66@16bit,0,512,16,2,89,2000,0,2,0,4,2
93_EEPROM,MCROCHIP,93C76@8bit,0,1024,16,2,10,2000,0,2,0,4,2
93_EEPROM,MCROCHIP,93C76@16bit,0,1024,16,2,90,2000,0,2,0,4,2
93_EEPROM,MCROCHIP,93C86@8bit,0,2048,16,2,11,2000,0,2,0,4,2
93_EEPROM,MCROCHIP,93C86@16bit,0,2048,16,2,91,2000,0,2,0,4,2
93_EEPROM,MCROCHIP,93LC46@8bit,0,128,16,2,7,2000,0,2,0,4,2
93_EEPROM,MCROCHIP,93LC46@16bit,0,128,16,2,87,2000,0,2,0,4,2
93_EEPROM,MCROCHIP,93LC56@8bit,0,256,16,2,9,2000,0,2,0,4,2
93_EEPROM,MCROCHIP,93LC56@16bit,0,256,16,2,89,2000,0,2,0,4,2
93_EEPROM,MCROCHIP,93LC66@8bit,0,512,16,2,9,2000,0,2,0,4,2
93_EEPROM,MCROCHIP,93LC66@16bit,0,512,16,2,89,2000,0,2,0,4,2
93_EEPROM,MCROCHIP,93LC76@8bit,0,1024,16,2,10,2000,0,2,0,4,2
93_EEPROM,MCROCHIP,93LC76@16bit,0,1024,16,2,90,2000,0,2,0,4,2
93_EEPROM,MCROCHIP,93LC86@8bit,0,2048,16,2,11,2000,0,2,0,4,2
93_EEPROM,MCROCHIP,93LC86@16bit,0,2048,16,2,89,2000,0,2,0,4,2
93_EEPROM,ROHM,BR93C46,0,128,16,2,7,2000,0,2,0,4,2
93_EEPROM,ROHM,BR93C46,0,128,16,2,7,2000,0,2,0,4,2
93_EEPROM,ROHM,BR93C46,0,128,16,2,7,2000,0,2,0,4,2
93_EEPROM,ROHM,BR93C46,0,128,16,2,7,2000,0,2,0,4,2
93_EEPROM,ROHM,BR93C46,0,128,16,2,7,2000,0,2,0,4,2
93_EEPROM,ROHM,BR93C46,0,128,16,2,7,2000,0,2,0,4,2
93_EEPROM,ROHM,BR93C76,0,1024,16,2,10,2000,0,2,0,4,2
93_EEPROM,ROHM,BR93LC76,0,1024,16,2,10,2000,0,2,0,4,2
93_EEPROM,ROHM,BR93C86,0,2048,16,2,11,2000,0,2,0,4,2
93_EEPROM,ROHM,BR93LC86,0,2048,16,2,11,2000,0,2,0,4,2
93_EEPROM,ISSI,IS93C46@16bit,0,128,16,2,87,2000,0,2,0,4,2
93_EEPROM,ISSI,IS93C56@8bit,0,256,16,2,9,2000,0,2,0,4,2
93_EEPROM,ISSI,IS93C56@16bit,0,256,16,2,89,2000,0,2,0,4,2
93_EEPROM,ISSI,IS93C66@8bit,0,512,16,2,9,2000,0,2,0,4,2
93_EEPROM,ISSI,IS93C66@16bit,0,512,16,2,89,2000,0,2,0,4,2
93_EEPROM,ISSI,IS93C76@8bit,0,1024,16,2,10,2000,0,2,0,4,2
93_EEPROM,ISSI,IS93C76@16bit,0,1024,16,2,90,2000,0,2,0,4,2
93_EEPROM,ISSI,IS93C86@8bit,0,2048,16,2,11,2000,0,2,0,4,2
93_EEPROM,ISSI,IS93C86@16bit,0,2048,16,2,91,2000,0,2,0,4,2
93_EEPROM,ICT,ICT93C46@8bit,0,128,16,2,7,2000,0,2,0,4,2
93_EEPROM,ICT,ICT93C46@16bit,0,128,16,2,87,2000,0,2,0,4,2
93_EEPROM,ICT,ICT93C56@8bit,0,256,16,2,9,2000,0,2,0,4,2
93_EEPROM,ICT,ICT93C56@16bit,0,256,16,2,89,2000,0,2,0,4,2
93_EEPROM,ICT,ICT93C66@8bit,0,512,16,2,9,2000,0,2,0,4,2
93_EEPROM,ICT,ICT93C66@16bit,0,512,16,2,89,2000,0,2,0,4,2
93_EEPROM,HOLTEK,HT93C46@16bit,0,128,16,2,87,2000,0,2,0,4,2
93_EEPROM,HOLTEK,HT93C56@16bit,0,256,16,2,89,2000,0,2,0,4,2
93_EEPROM,HOLTEK,HT93C66@16bit,0,512,16,2,89,2000,0,2,0,4,2
93_EEPROM,HOLTEK,HT93LC46@8bit,0,128,16,2,7,2000,0,2,0,4,2
93_EEPROM,HOLTEK,HT93LC46@16bit,0,128,16,2,87,2000,0,2,0,4,2
93_EEPROM,HOLTEK,HT93LC56@8bit,0,256,16,2,9,2000,0,2,0,4,2
93_EEPROM,HOLTEK,HT93LC56@16bit,0,256,16,2,89,2000,0,2,0,4,2
93_EEPROM,HOLTEK,HT93LC66@8bit,0,512,16,2,9,2000,0,2,0,4,2
93_EEPROM,HOLTEK,HT93LC66@16bit,0,512,16,2,89,2000,0,2,0,4,2
93_EEPROM,HOLTEK,HT93LC76@8bit,0,1024,16,2,10,2000,0,2,0,4,2
93_EEPROM,HOLTEK,HT93LC76@16bit,0,1024,16,2,90,2000,0,2,0,4,2
93_EEPROM,HOLTEK,HT93LC86@8bit,0,2048,16,2,11,2000,0,2,0,4,2
93_EEPROM,HOLTEK,HT93LC86@16bit,0,2048,16,2,91,2000,0,2,0,4,2
93_EEPROM,FAIRCHILD,FM93C46,0,128,16,2,87,2000,0,2,0,4,2
93_EEPROM,FAIRCHILD,FM93C46A@8bit,0,128,16,2,7,2000,0,2,0,4,2
93_EEPROM,FAIRCHILD,FM93C46A@16bit,0,128,16,2,87,2000,0,2,0,4,2
93_EEPROM,FAIRCHILD,FM93C56,0,256,16,2,89,2000,0,2,0,4,2
93_EEPROM,FAIRCHILD,FM93C56A@8bit,0,256,16,2,9,2000,0,2,0,4,2
93_EEPROM,FAIRCHILD,FM93C56A@16bit,0,256,16,2,89,2000,0,2,0,4,2
93_EEPROM,FAIRCHILD,FM93C66,0,512,16,2,89,2000,0,2,0,4,2
93_EEPROM,FAIRCHILD,FM93C66A@8bit,0,512,16,2,9,2000,0,2,0,4,2
93_EEPROM,FAIRCHILD,FM93C66A@16bit,0,512,16,2,89,2000,0,2,0,4,2
93_EEPROM,FAIRCHILD,FM93C76,0,1024,16,2,90,2000,0,2,0,4,2
93_EEPROM,FAIRCHILD,FM93C76A@16bit,0,1024,16,2,90,2000,0,2,0,4,2
93_EEPROM,FAIRCHILD,FM93C76A@8bit,0,1024,16,2,10,2000,0,2,0,4,2
93_EEPROM,FAIRCHILD,FM93C86,0,2048,16,2,91,2000,0,2,0,4,2
93_EEPROM,FAIRCHILD,FM93C86A@16bit,0,2048,16,2,91,2000,0,2,0,4,2
93_EEPROM,FAIRCHILD,FM93C86A@8bit,0,2048,16,2,11,2000,0,2,0,4,2
93_EEPROM,FAIRCHILD,FM93S46,0,128,16,2,87,2000,0,2,0,4,2
93_EEPROM,FAIRCHILD,FM93S56,0,256,16,2,89,2000,0,2,0,4,2
93_EEPROM,FAIRCHILD,FM93S66,0,512,16,2,89,2000,0,2,0,4,2
93_EEPROM,EXEL,XL93C46,0,128,16,2,87,2000,0,2,0,4,2
93_EEPROM,EXEL,XL93CS46,0,128,16,2,87,2000,0,2,0,4,2
93_EEPROM,EXEL,XL93LC46,0,128,16,2,87,2000,0,2,0,4,2
93_EEPROM,EXEL,XL93C56,0,256,16,2,89,2000,0,2,0,4,2
93_EEPROM,EXEL,XL93C56,0,256,16,2,89,2000,0,2,0,4,2
93_EEPROM,EXEL,XL93C66,0,512,16,2,89,2000,0,2,0,4,2
93_EEPROM,EXEL,XL93LC66,0,512,16,2,89,2000,0,2,0,4,2
93_EEPROM,EXEL,XLS93C46,0,128,16,2,87,2000,0,2,0,4,2
93_EEPROM,EXEL,XLS93C56,0,256,16,2,89,2000,0,2,0,4,2
93_EEPROM,EXEL,XLS93C66,0,256,16,2,89,2000,0,2,0,4,2
93_EEPROM,COMMON,93C46@8bit,0,128,16,2,7,2000,0,2,0,4,2
93_EEPROM,COMMON,93C46@16bit,0,128,16,2,87,2000,0,2,0,4,2
93_EEPROM,COMMON,93C56@8bit,0,256,16,2,9,2000,0,2,0,4,2
93_EEPROM,COMMON,93C56@16bit,0,256,16,2,89,2000,0,2,0,4,2
93_EEPROM,COMMON,93C66@8bit,0,512,16,2,9,2000,0,2,0,4,2
93_EEPROM,COMMON,93C66@16bit,0,512,16,2,89,2000,0,2,0,4,2
93_EEPROM,COMMON,93C76@8bit,0,1024,16,2,10,2000,0,2,0,4,2
93_EEPROM,COMMON,93C76@16bit,0,1024,16,2,90,2000,0,2,0,4,2
93_EEPROM,COMMON,93C86@8bit,0,2048,16,2,11,2000,0,2,0,4,2
93_EEPROM,COMMON,93C86@16bit,0,2048,16,2,91,2000,0,2,0,4,2
93_EEPROM,AKM,AK93C45@8bit,0,128,16,2,7,2000,0,2,0,4,2
93_EEPROM,AKM,AK93C45@16bit,0,128,16,2,87,2000,0,2,0,4,2
93_EEPROM,AKM,AK93C55@8bit,0,256,16,2,8,2000,0,2,0,4,2
93_EEPROM,AKM,AK93C55@16bit,0,256,16,2,88,2000,0,2,0,4,2
93_EEPROM,AKM,AK93C65@8bit,0,512,16,2,9,2000,0,2,0,4,2
93_EEPROM,AKM,AK93C65@16bit,0,512,16,2,89,2000,0,2,0,4,2
93_EEPROM,AKM,AK93C75@8bit,0,1024,16,2,10,2000,0,2,0,4,2
93_EEPROM,AKM,AK93C75@16bit,0,1024,16,2,90,2000,0,2,0,4,2
93_EEPROM,AKM,AK93C85@8bit,0,2048,16,2,11,2000,0,2,0,4,2
93_EEPROM,AKM,AK93C85@16bit,0,2048,16,2,91,2000,0,2,0,4,2
93_EEPROM,YMC,Y93LC46@8bit,0,128,16,2,7,2000,0,2,0,4,2
93_EEPROM,YMC,Y93LC46@16bit,0,128,16,2,87,2000,0,2,0,4,2
93_EEPROM,YMC,Y93LC56@8bit,0,256,16,2,9,2000,0,2,0,4,2
93_EEPROM,YMC,Y93LC56@16bit,0,256,16,2,89,2000,0,2,0,4,2
93_EEPROM,YMC,Y93LC66@8bit,0,512,16,2,9,2000,0,2,0,4,2
93_EEPROM,YMC,Y93LC66@16bit,0,512,16,2,89,2000,0,2,0,4,2
93_EEPROM,YMC,Y93LC76@8bit,0,1024,16,2,10,2000,0,2,0,4,2
93_EEPROM,YMC,Y93LC76@16bit,0,1024,16,2,90,2000,0,2,0,4,2
93_EEPROM,YMC,Y93LC86@8bit,0,2048,16,2,11,2000,0,2,0,4,2
93_EEPROM,YMC,Y93LC86@16bit,0,2048,16,2,89,2000,0,2,0,4,2
93_EEPROM,RATO,RT93C46,0,128,16,2,87,2000,0,2,0,4,2
93_EEPROM,RATO,RT93LC46@8bit,0,128,16,2,7,2000,0,2,0,4,2
93_EEPROM,RATO,RT93LC46@16bit,0,128,16,2,87,2000,0,2,0,4,2
93_EEPROM,NSC,NM93C46@8bit,0,128,16,2,7,2000,0,2,0,4,2
93_EEPROM,NSC,NM93C46@16bit,0,128,16,2,87,2000,0,2,0,4,2
93_EEPROM,NSC,NM93C56@8bit,0,256,16,2,9,2000,0,2,0,4,2
93_EEPROM,NSC,NM93C56@16bit,0,256,16,2,89,2000,0,2,0,4,2
93_EEPROM,NSC,NM93C66@8bit,0,512,16,2,9,2000,0,2,0,4,2
93_EEPROM,NSC,NM93C66@16bit,0,512,16,2,89,2000,0,2,0,4,2
93_EEPROM,NSC,NM93C76@8bit,0,1024,16,2,10,2000,0,2,0,4,2
93_EEPROM,NSC,NM93C76@16bit,0,1024,16,2,90,2000,0,2,0,4,2
93_EEPROM,NSC,NM93C86@8bit,0,2048,16,2,11,2000,0,2,0,4,2
93_EEPROM,NSC,NM93C86@16bit,0,2048,16,2,91,2000,0,2,0,4,2
93_EEPROM,EOREX,EM93LC46@8bit,0,128,16,2,7,2000,0,2,0,4,2
93_EEPROM,EOREX,EM93LC46@16bit,0,128,16,2,87,2000,0,2,0,4,2
93_EEPROM,EOREX,EM93LC56@8bit,0,256,16,2,9,2000,0,2,0,4,2
93_EEPROM,EOREX,EM93LC56@16bit,0,256,16,2,89,2000,0,2,0,4,2
93_EEPROM,EOREX,EM93LC66@8bit,0,512,16,2,9,2000,0,2,0,4,2
93_EEPROM,EOREX,EM93LC66@16bit,0,512,16,2,89,2000,0,2,0,4,2
93_EEPROM,EOREX,EM93LC76@8bit,0,1024,16,2,10,2000,0,2,0,4,2
93_EEPROM,EOREX,EM93LC76@16bit,0,1024,16,2,90,2000,0,2,0,4,2
93_EEPROM,EOREX,EM93LC86@8bit,0,2048,16,2,11,2000,0,2,0,4,2
93_EEPROM,EOREX,EM93LC86@16bit,0,2048,16,2,91,2000,0,2,0,4,2
24_EEPROM,COMMON,24C01 3V,0,128,8,1,0,4000,0,2,0,4,0
24_EEPROM,COMMON,24C01 5V,0,128,8,1,0,4000,0,2,0,4,2
24_EEPROM,COMMON,24C02 3V,0,256,16,1,0,4000,0,2,0,4,0
24_EEPROM,COMMON,24C02 5V,0,256,16,1,0,4000,0,2,0,4,2
24_EEPROM,COMMON,24C04 3V,0,512,16,1,0,4000,0,2,0,4,0
24_EEPROM,COMMON,24C04 5V,0,512,16,1,0,4000,0,2,0,4,2
24_EEPROM,COMMON,24C08 3V,0,1024,16,1,0,4000,0,2,0,4,0
24_EEPROM,COMMON,24C08 5V,0,1024,16,1,0,4000,0,2,0,4,2
24_EEPROM,COMMON,24C16 3V,0,2048,16,1,0,4000,0,2,0,4,0
24_EEPROM,COMMON,24C16 5V,0,2048,16,1,0,4000,0,2,0,4,2
24_EEPROM,COMMON,24C32 3V,0,4096,32,1,1,4000,0,2,0,4,0
24_EEPROM,COMMON,24C32 5V,0,4096,32,1,1,4000,0,2,0,4,2
24_EEPROM,COMMON,24C64 3V,0,8192,32,1,1,4000,0,2,0,4,0
24_EEPROM,COMMON,24C64 5V,0,8192,32,1,1,4000,0,2,0,4,2
24_EEPROM,COMMON,24C128 3V,0,16384,64,1,1,4000,0,2,0,4,0
24_EEPROM,COMMON,24C128 5V,0,16384,64,1,1,4000,0,2,0,4,2
24_EEPROM,COMMON,24C256 3V,0,32768,64,1,1,4000,0,2,0,4,0
24_EEPROM,COMMON,24C256 5V,0,32768,64,1,1,4000,0,2,0,4,2
24_EEPROM,COMMON,24C512 3V,0,65536,128,1,1,4000,0,2,0,4,0
24_EEPROM,COMMON,24C512 5V,0,65536,128,1,1,4000,0,2,0,4,2
24_EEPROM,COMMON,24C1024 3V,0,131072,256,1,1,4000,0,2,0,4,0
24_EEPROM,COMMON,24C1024 5V,0,131072,256,1,1,4000,0,2,0,4,2
24_EEPROM,MICROCHIP,24C01,0,128,8,1,0,4000,0,2,0,4,0
24_EEPROM,MICROCHIP,24C02,0,256,16,1,0,4000,0,2,0,4,0
24_EEPROM,MICROCHIP,24C04,0,512,16,1,0,4000,0,2,0,4,0
24_EEPROM,MICROCHIP,24C08,0,1024,16,1,0,4000,0,2,0,4,0
24_EEPROM,MICROCHIP,24C16,0,2048,16,1,0,4000,0,2,0,4,0
24_EEPROM,MICROCHIP,24C32,0,4096,32,1,1,4000,0,2,0,4,0
24_EEPROM,MICROCHIP,24C64,0,8192,32,1,1,4000,0,2,0,4,0
24_EEPROM,MICROCHIP,24C128,0,16384,64,1,1,4000,0,2,0,4,0
24_EEPROM,MICROCHIP,24C256,0,32768,64,1,1,4000,0,2,0,4,0
24_EEPROM,MICROCHIP,24C512,0,65536,128,1,1,4000,0,2,0,4,0
24_EEPROM,MICROCHIP,24C1024,0,131072,256,1,1,4000,0,2,0,4,0
24_EEPROM,MICROCHIP,24LC01B,0,128,8,1,0,4000,0,2,0,4,0
24_EEPROM,MICROCHIP,24LC01B,0,128,8,1,0,4000,0,2,0,4,0
24_EEPROM,MICROCHIP,24LC02B,0,256,8,1,0,4000,0,2,0,4,0
24_EEPROM,MICROCHIP,24LC04B,0,512,16,1,0,4000,0,2,0,4,0
24_EEPROM,MICROCHIP,24LC08B,0,1024,16,1,0,4000,0,2,0,4,0
24_EEPROM,MICROCHIP,24AA08,0,1024,16,1,0,4000,0,2,0,4,0
24_EEPROM,MICROCHIP,24LC16,0,2048,16,1,0,4000,0,2,0,4,0
24_EEPROM,MICROCHIP,24LC32,0,4096,16,1,1,4000,0,2,0,4,0
24_EEPROM,MICROCHIP,24LC32,0,4096,8,1,1,4000,0,2,0,4,0
24_EEPROM,MICROCHIP,24LC32A,0,4096,8,1,1,4000,0,2,0,4,0
24_EEPROM,MICROCHIP,24LC64A,0,8192,32,1,1,4000,0,2,0,4,0
24_EEPROM,MICROCHIP,24LC64,0,8192,32,1,1,4000,0,2,0,4,0
24_EEPROM,MICROCHIP,24AA64,0,8192,32,1,1,4000,0,2,0,4,0
24_EEPROM,MICROCHIP,24AA32,0,4096,8,1,1,4000,0,2,0,4,0
24_EEPROM,MICROCHIP,24AA16,0,2048,16,1,0,4000,0,2,0,4,0
24_EEPROM,MICROCHIP,24LC16A,0,2048,16,1,0,4000,0,2,0,4,0
24_EEPROM,MICROCHIP,24LC128,0,16384,64,1,1,4000,0,2,0,4,0
24_EEPROM,MICROCHIP,24LC128A,0,16384,64,1,1,4000,0,2,0,4,0
24_EEPROM,MICROCHIP,24AA128,0,16384,64,1,1,4000,0,2,0,4,0
24_EEPROM,MICROCHIP,24LC256,0,32768,64,1,1,4000,0,2,0,4,0
24_EEPROM,MICROCHIP,24LC256A,0,32768,64,1,1,4000,0,2,0,4,0
24_EEPROM,MICROCHIP,24AA256,0,32768,64,1,1,4000,0,2,0,4,0
24_EEPROM,MICROCHIP,24LC512,0,65536,128,1,1,4000,0,2,0,4,0
24_EEPROM,MICROCHIP,24AA512,0,65536,128,1,1,4000,0,2,0,4,0
24_EEPROM,MICROCHIP,24LC1025,0,131072,128,1,1,4000,0,2,0,4,0
24_EEPROM,MICROCHIP,24AA1025,0,131072,128,1,1,4000,0,2,0,4,0
24_EEPROM,MICROCHIP,24AA01,0,128,8,1,0,4000,0,2,0,4,0
24_EEPROM,MICROCHIP,24AA02,0,256,8,1,0,4000,0,2,0,4,0
24_EEPROM,MICROCHIP,24AA04,0,512,16,1,0,4000,0,2,0,4,0
24_EEPROM,ST,M24C01,0,128,16,1,0,4000,0,2,0,4,2
24_EEPROM,ST,M24C01R,0,128,16,1,0,4000,0,2,0,4,0
24_EEPROM,ST,M24C01W,0,128,16,1,0,4000,0,2,0,4,0
24_EEPROM,ST,M24C02,0,256,16,1,0,4000,0,2,0,4,2
24_EEPROM,ST,M24C02R,0,256,16,1,0,4000,0,2,0,4,0
24_EEPROM,ST,M24C02W,0,256,16,1,0,4000,0,2,0,4,0
24_EEPROM,ST,M24C04,0,512,16,1,0,4000,0,2,0,4,2
24_EEPROM,ST,M24C04R,0,512,16,1,0,4000,0,2,0,4,0
24_EEPROM,ST,M24C04W,0,512,16,1,0,4000,0,2,0,4,0
24_EEPROM,ST,M24C08,0,1024,16,1,0,4000,0,2,0,4,2
24_EEPROM,ST,M24C08R,0,1024,16,1,0,4000,0,2,0,4,0
24_EEPROM,ST,M24C08W,0,1024,16,1,0,4000,0,2,0,4,0
24_EEPROM,ST,M24C16,0,2048,16,1,0,4000,0,2,0,4,2
24_EEPROM,ST,M24C16R,0,2048,16,1,0,4000,0,2,0,4,0
24_EEPROM,ST,M24C16W,0,2048,16,1,0,4000,0,2,0,4,0
24_EEPROM,ST,M24C32,0,4096,32,1,1,4000,0,2,0,4,2
24_EEPROM,ST,M24C32R,0,4096,32,1,1,4000,0,2,0,4,0
24_EEPROM,ST,M24C32W,0,4096,32,1,1,4000,0,2,0,4,0
24_EEPROM,ST,M24C64W,0,8192,32,1,1,4000,0,2,0,4,2
24_EEPROM,ST,M24C64,0,8192,32,1,1,4000,0,2,0,4,2
24_EEPROM,ST,M24C128,0,16384,64,1,1,4000,0,2,0,4,2
24_EEPROM,ST,M24C128B,0,16384,64,1,1,4000,0,2,0,4,2
24_EEPROM,ST,M24C256,0,32768,64,1,1,4000,0,2,0,4,2
24_EEPROM,ST,M24C256A,0,32768,64,1,1,4000,0,2,0,4,2
24_EEPROM,ST,M24C256B,0,32768,64,1,1,4000,0,2,0,4,2
24_EEPROM,ST,M24C256W,0,32768,64,1,1,4000,0,2,0,4,0
24_EEPROM,ST,ST24C01,0,128,8,1,0,4000,0,2,0,4,2
24_EEPROM,ST,ST24C02,0,256,8,1,0,4000,0,2,0,4,2
24_EEPROM,ST,ST24C04,0,512,8,1,0,4000,0,2,0,4,2
24_EEPROM,ST,ST24C08,0,1024,16,1,0,4000,0,2,0,4,2
24_EEPROM,ST,ST24W01,0,128,8,1,0,4000,0,2,0,4,2
24_EEPROM,ST,ST24W02,0,256,8,1,0,4000,0,2,0,4,2
24_EEPROM,ST,ST24W04,0,512,8,1,0,4000,0,2,0,4,2
24_EEPROM,ST,ST24W08,0,1024,16,1,0,4000,0,2,0,4,2
24_EEPROM,ST,ST24W16,0,2048,16,1,0,4000,0,2,0,4,2
24_EEPROM,ANACHIP,AM24LC01,0,128,8,1,0,4000,0,2,0,4,2
24_EEPROM,ANACHIP,AM24LC02,0,256,8,1,0,4000,0,2,0,4,2
24_EEPROM,ANACHIP,AM24LC04,0,512,16,1,0,4000,0,2,0,4,2
24_EEPROM,ANACHIP,AM24LC08,0,1024,16,1,0,4000,0,2,0,4,2
24_EEPROM,ANACHIP,AM24LC16,0,2048,16,1,0,4000,0,2,0,4,2
24_EEPROM,ROHM,BR24C01,0,128,8,1,0,4000,0,2,0,4,2
24_EEPROM,ROHM,BR24L01,0,128,8,1,0,4000,0,2,0,4,2
24_EEPROM,ROHM,BR24L02,0,256,8,1,0,4000,0,2,0,4,2
24_EEPROM,ROHM,BR24C02,0,256,8,1,0,4000,0,2,0,4,2
24_EEPROM,ROHM,BR24C04,0,512,16,1,0,4000,0,2,0,4,2
24_EEPROM,ROHM,BR24L04,0,512,16,1,0,4000,0,2,0,4,2
24_EEPROM,ROHM,BR24L08,0,1024,16,1,0,4000,0,2,0,4,2
24_EEPROM,ROHM,BR24C08,0,1024,16,1,0,4000,0,2,0,4,2
24_EEPROM,ROHM,BR24C16,0,2048,16,1,0,4000,0,2,0,4,2
24_EEPROM,ROHM,BR24L16,0,2048,16,1,0,4000,0,2,0,4,2
24_EEPROM,ROHM,BR24L32,0,4096,32,1,0,4000,0,2,0,4,2
24_EEPROM,ROHM,BR24C32,0,4096,32,1,0,4000,0,2,0,4,2
24_EEPROM,ROHM,BR24C64,0,8192,32,1,0,4000,0,2,0,4,2
24_EEPROM,ROHM,BR24L64,0,8192,32,1,1,4000,0,2,0,4,2
24_EEPROM,EOREX,EM24LC01,0,128,8,1,0,4000,0,2,0,4,2
24_EEPROM,EOREX,EM24LC02,0,256,16,1,0,4000,0,2,0,4,2
24_EEPROM,EOREX,EM24LC04,0,512,16,1,0,4000,0,2,0,4,2
24_EEPROM,RAMTRON,FM24CL04,0,512,16,1,0,4000,0,2,0,4,2
24_EEPROM,RAMTRON,FM24CL04A,0,512,16,1,0,4000,0,2,0,4,2
24_EEPROM,RAMTRON,FM24CL08A,0,1024,16,1,0,4000,0,2,0,4,2
24_EEPROM,RAMTRON,FM24CL08,0,1024,16,1,0,4000,0,2,0,4,2
24_EEPROM,RAMTRON,FM24CL16,0,2048,16,1,0,4000,0,2,0,4,2
24_EEPROM,RAMTRON,FM24CL64,0,8192,32,1,1,4000,0,2,0,4,2
24_EEPROM,RAMTRON,FM24CL64A,0,8192,32,1,1,4000,0,2,0,4,2
24_EEPROM,RAMTRON,FM24C256,0,32768,64,1,1,4000,0,2,0,4,2
24_EEPROM,NSC,NM24C02,0,256,16,1,0,4000,0,2,0,4,2
24_EEPROM,NSC,NM24C04,0,512,16,1,0,4000,0,2,0,4,2
24_EEPROM,NSC,NM24C08,0,1024,16,1,0,4000,0,2,0,4,2
24_EEPROM,NSC,NM24C64,0,8192,32,1,1,4000,0,2,0,4,2
24_EEPROM,ISSI,IS24C01,0,128,8,1,0,4000,0,2,0,4,2
24_EEPROM,ISSI,IS24C02,0,256,16,1,0,4000,0,2,0,4,2
24_EEPROM,ISSI,IS24C04,0,512,16,1,0,4000,0,2,0,4,2
24_EEPROM,ISSI,IS24C08,0,1024,16,1,0,4000,0,2,0,4,2
24_EEPROM,ISSI,IS24C16,0,2048,16,1,0,4000,0,2,0,4,2
24_EEPROM,ISSI,IS24C32,0,4096,32,1,1,4000,0,2,0,4,2
24_EEPROM,ISSI,IS24C64,0,8192,32,1,1,4000,0,2,0,4,2
24_EEPROM,ISSI,IS24C128,0,16384,64,1,1,4000,0,2,0,4,2
24_EEPROM,ISSI,IS24C256,0,32768,64,1,1,4000,0,2,0,4,2
24_EEPROM,ISSI,IS24C512,0,65536,128,1,1,4000,0,2,0,4,2
24_EEPROM,ISSI,IS24C1024,0,131072,256,1,1,4000,0,2,0,4,2
24_EEPROM,HOLTEK,HT24C01,0,128,8,1,0,4000,0,2,0,4,2
24_EEPROM,HOLTEK,HT24C02,0,256,16,1,0,4000,0,2,0,4,2
24_EEPROM,HOLTEK,HT24C04,0,512,16,1,0,4000,0,2,0,4,2
24_EEPROM,HOLTEK,HT24C08,0,1024,16,1,0,4000,0,2,0,4,2
24_EEPROM,HOLTEK,HT24C16,0,2048,16,1,0,4000,0,2,0,4,2
24_EEPROM,HOLTEK,HT24C32,0,4096,32,1,0,4000,0,2,0,4,2
24_EEPROM,HOLTEK,HT24C64,0,8192,32,1,1,4000,0,2,0,4,2
24_EEPROM,HOLTEK,HT24C128,0,16384,64,1,1,4000,0,2,0,4,2
24_EEPROM,HOLTEK,HT24C256,0,32768,64,1,1,4000,0,2,0,4,2
24_EEPROM,HOLTEK,HT24C512,0,65536,128,1,1,4000,0,2,0,4,2
24_EEPROM,HOLTEK,HT24C1024,0,131072,256,1,1,4000,0,2,0,4,2
24_EEPROM,HOLTEK,HT24LC01,0,128,8,1,0,4000,0,2,0,4,2
24_EEPROM,HOLTEK,HT24LC02,0,256,16,1,0,4000,0,2,0,4,2
24_EEPROM,HOLTEK,HT24LC04,0,512,16,1,0,4000,0,2,0,4,2
24_EEPROM,HOLTEK,HT24LC08,0,1024,16,1,0,4000,0,2,0,4,2
24_EEPROM,HOLTEK,HT24LC16,0,2048,16,1,0,4000,0,2,0,4,2
24_EEPROM,HOLTEK,HT24LC32,0,4096,32,1,1,4000,0,2,0,4,2
24_EEPROM,HOLTEK,HT24LC64,0,8192,32,1,1,4000,0,2,0,4,2
24_EEPROM,HOLTEK,HT24LC128,0,16384,64,1,1,4000,0,2,0,4,2
24_EEPROM,HOLTEK,HT24LC256,0,32768,64,1,1,4000,0,2,0,4,2
24_EEPROM,HOLTEK,HT24LC512,0,65536,128,1,1,4000,0,2,0,4,2
24_EEPROM,HOLTEK,HT24LC1024,0,131072,256,1,1,4000,0,2,0,4,2
24_EEPROM,FAIRCHILD,FM24C01L,0,128,8,1,0,4000,0,2,0,4,2
24_EEPROM,FAIRCHILD,FM24C02L,0,256,16,1,0,4000,0,2,0,4,2
24_EEPROM,FAIRCHILD,FM24C03L,0,256,16,1,0,4000,0,2,0,4,2
24_EEPROM,FAIRCHILD,FM24C04L,0,512,16,1,0,4000,0,2,0,4,2
24_EEPROM,FAIRCHILD,FM24C05L,0,512,16,1,0,4000,0,2,0,4,2
24_EEPROM,FAIRCHILD,FM24C08L,0,1024,16,1,0,4000,0,2,0,4,2
24_EEPROM,FAIRCHILD,FM24C9L,0,1024,16,1,0,4000,0,2,0,4,2
24_EEPROM,FAIRCHILD,FM24C16L,0,2048,16,1,0,4000,0,2,0,4,2
24_EEPROM,FAIRCHILD,FM24C17L,0,2048,16,1,0,4000,0,2,0,4,2
24_EEPROM,FAIRCHILD,FM24C32L,0,4096,32,1,1,4000,0,2,0,4,2
24_EEPROM,FAIRCHILD,FM24C64L,0,8192,32,1,1,4000,0,2,0,4,2
24_EEPROM,FAIRCHILD,FM24C128L,0,16384,64,1,1,4000,0,2,0,4,2
24_EEPROM,FAIRCHILD,FM24C256L,0,32768,64,1,1,4000,0,2,0,4,2
24_EEPROM,FAIRCHILD,FM24C512L,0,65536,128,1,1,4000,0,2,0,4,2
24_EEPROM,FAIRCHILD,FM24C1024L,0,131072,256,1,1,4000,0,2,0,4,2
24_EEPROM,CATALYST,CAT24C00,0,64,8,1,0,4000,0,2,0,4,2
24_EEPROM,CATALYST,CAT24C01,0,128,8,1,0,4000,0,2,0,4,2
24_EEPROM,CATALYST,CAT24C21,0,256,16,1,0,4000,0,2,0,4,2
24_EEPROM,CATALYST,CAT24C04,0,512,16,1,0,4000,0,2,0,4,2
24_EEPROM,CATALYST,CAT24C08,0,1024,16,1,0,4000,0,2,0,4,2
24_EEPROM,CATALYST,CAT24C16,0,2048,16,1,0,4000,0,2,0,4,2
24_EEPROM,CATALYST,CAT24C32,0,4096,32,1,1,4000,0,2,0,4,2
24_EEPROM,CATALYST,CAT24C64,0,8192,32,1,1,4000,0,2,0,4,2
24_EEPROM,CATALYST,CAT24C128,0,16384,64,1,1,4000,0,2,0,4,2
24_EEPROM,CATALYST,CAT24C256,0,32768,64,1,1,4000,0,2,0,4,2
24_EEPROM,CATALYST,CAT24FC01,0,128,8,1,0,4000,0,2,0,4,2
24_EEPROM,CATALYST,CAT24FC02,0,256,16,1,0,4000,0,2,0,4,2
24_EEPROM,CATALYST,CAT24FC04,0,512,16,1,0,4000,0,2,0,4,2
24_EEPROM,CATALYST,CAT24FC08,0,1024,16,1,0,4000,0,2,0,4,2
24_EEPROM,CATALYST,CAT24FC16,0,2048,16,1,0,4000,0,2,0,4,2
24_EEPROM,CATALYST,CAT24FC32,0,4096,32,1,1,4000,0,2,0,4,2
24_EEPROM,CATALYST,CAT24FC64,0,8192,32,1,1,4000,0,2,0,4,2
24_EEPROM,CATALYST,CAT24FC128,0,16384,64,1,1,4000,0,2,0,4,2
24_EEPROM,CATALYST,CAT24FC256,0,32768,64,1,1,4000,0,2,0,4,2
24_EEPROM,CATALYST,CAT24LC02,0,256,16,1,1,4000,0,2,0,4,2
24_EEPROM,CATALYST,CAT24LC04,0,512,16,1,1,4000,0,2,0,4,2
24_EEPROM,CATALYST,CAT24LC08,0,1024,16,1,1,4000,0,2,0,4,2
24_EEPROM,CATALYST,CAT24LC16,0,2048,16,1,1,4000,0,2,0,4,2
24_EEPROM,CATALYST,CAT24LC32,0,4096,32,1,1,4000,0,2,0,4,2
24_EEPROM,CATALYST,CAT24LC64,0,8192,32,1,1,4000,0,2,0,4,2
24_EEPROM,HUAHONG,K24C02,0,256,16,1,0,4000,0,2,0,4,2
24_EEPROM,HUAHONG,K24C04,0,512,16,1,0,4000,0,2,0,4,2
24_EEPROM,HUAHONG,K24C08,0,1024,16,1,0,4000,0,2,0,4,2
24_EEPROM,HUAHONG,K24C16,0,2048,16,1,0,4000,0,2,0,4,2
24_EEPROM,HUAHONG,K24C32,0,4096,32,1,1,4000,0,2,0,4,2
24_EEPROM,HUAHONG,K24C64,0,8192,32,1,1,4000,0,2,0,4,2
93_EEPROM,SEIKO,S-93C76,0,1024,16,2,91,3000,0,2,0,4,2
93_EEPROM,SEIKO,S-93C66,0,512,16,2,89,3000,0,2,0,4,2
93_EEPROM,SEIKO,S-93C56,0,256,16,2,89,3000,0,2,0,4,2
93_EEPROM,SEIKO,S-93C46,0,128,16,2,88,3000,0,2,0,4,2
SPI_FLASH,WINBOND,W25P16,15671317,2097152,256,0,0,1000,0,0,0,1,0
SPI_FLASH,WINBOND,W25P32,15671318,4194304,256,0,0,1000,0,0,0,1,0
SPI_FLASH,WINBOND,W25P64,15671319,8388608,256,0,0,1000,0,0,0,1,0
SPI_FLASH,WINBOND,W25P80,15671316,1048576,256,0,0,1000,0,0,0,1,0
SPI_FLASH,WINBOND,W25Q05CL,15679504,65536,256,0,0,1000,0,0,0,1,0
SPI_FLASH,WINBOND,W25Q10CL,15679505,131072,256,0,0,1000,0,0,0,1,0
SPI_FLASH,WINBOND,W25Q10EW(1.8V),15687697,131072,256,0,0,1000,0,0,0,1,0
SPI_FLASH,WINBOND,W25Q20CL,15679506,262144,256,0,0,1000,0,0,0,1,0
SPI_FLASH,WINBOND,W25Q20BW(1.8V),15687698,262144,256,0,0,1000,0,0,0,1,0
SPI_FLASH,WINBOND,W25Q40BW(1.8V),15687699,524288,256,0,0,1000,0,0,0,1,0
SPI_FLASH,WINBOND,W25Q80EW(1.8V),15687700,1048576,256,0,0,1000,0,0,0,1,0
SPI_FLASH,WINBOND,W25Q16DW(1.8V),15687701,2097152,256,0,0,1000,0,0,0,1,0
SPI_FLASH,WINBOND,W25Q32DW(1.8V),15687702,4194304,256,0,0,1000,0,0,0,1,0
SPI_FLASH,WINBOND,W25Q128FW(1.8V),15687704,16777216,256,0,0,1000,0,0,0,1,0
SPI_FLASH,WINBOND,W25Q256FW(1.8V),15687705,33554432,256,0,0,1000,0,0,0,1,0
SPI_FLASH,MXIC,MX25U5121E(1.8V),12723504,65536,256,0,0,1000,0,0,0,1,0
SPI_FLASH,MXIC,MX25U1001E(1.8V),12723505,131072,256,0,0,1000,0,0,0,1,0
SPI_FLASH,MXIC,MX25U2032E(1.8V),12723506,262144,256,0,0,1000,0,0,0,1,0
SPI_FLASH,BERGMicro,BG25Q512A,14696464,65536,256,0,0,1000,0,0,0,1,0
SPI_FLASH,BERGMicro,BG25Q10A,14696465,131072,256,0,0,1000,0,0,0,1,0
SPI_FLASH,BERGMicro,BG25Q20A,14696466,262144,256,0,0,1000,0,0,0,1,0
SPI_FLASH,BERGMicro,BG25Q40A,14696467,524288,256,0,0,1000,0,0,0,1,0
SPI_FLASH,BERGMicro,BG25Q80A,14696468,1048576,256,0,0,1000,0,0,0,1,0
SPI_FLASH,BERGMicro,BG25Q16A,14696469,2097152,256,0,0,1000,0,0,0,1,0
SPI_FLASH,BERGMicro,BG25Q32A,14696470,4194304,256,0,0,1000,0,0,0,1,0
SPI_FLASH,BERGMicro,BG25Q64A,14696471,8388608,256,0,0,1000,0,0,0,1,0
SPI_FLASH,BERGMicro,BG25Q128A,14696472,16777216,256,0,0,1300,0,0,0,1,0
SPI_FLASH,BoyaMicro,BY25D05AS,6832144,65536,256,0,0,1000,0,0,0,1,0
SPI_FLASH,BoyaMicro,BY25D10AS,6832145,131072,256,0,0,1000,0,0,0,1,0
SPI_FLASH,BoyaMicro,BY25D20AS,6832146,262144,256,0,0,1000,0,0,0,1,0
SPI_FLASH,BoyaMicro,BY25D40AS,6832147,524288,256,0,0,1000,0,0,0,1,0
SPI_FLASH,BoyaMicro,BY25D80AS,6832148,1048576,256,0,0,1000,0,0,0,1,0
SPI_FLASH,BoyaMicro,BY25D16AS,6832149,2097152,256,0,0,1000,0,0,0,1,0
SPI_FLASH,BoyaMicro,BY25Q32AS,6832150,4194304,256,0,0,1000,0,0,0,1,0
SPI_FLASH,BoyaMicro,BY25Q64AS,6832151,8388608,256,0,0,1000,0,0,0,1,0
SPI_FLASH,BoyaMicro,BY25Q128AS,6832152,16777216,256,0,0,1200,0,0,0,1,0
SPI_FLASH,BoyaMicro,BY25Q40AL(1.8V),14704659,524288,256,0,0,1000,0,0,0,1,0
SPI_FLASH,BoyaMicro,BY25Q80AL(1.8V),14704660,1048576,256,0,0,1000,0,0,0,1,0
SPI_FLASH,BoyaMicro,BY25Q16AL(1.8V),14704661,2097152,256,0,0,1000,0,0,0,1,0
SPI_FLASH,BoyaMicro,BY25Q32AL(1.8V),14704662,4194304,256,0,0,1000,0,0,0,1,0
SPI_FLASH,BoyaMicro,BY25Q128AL(1.8V),14704664,16777216,256,0,0,1200,0,0,0,1,0
SPI_FLASH,EXCELSEMI,ES25M80A,4862484,1048576,256,0,0,1000,0,0,0,1,0
SPI_FLASH,EXCELSEMI,ES25M40A,4862483,524288,256,0,0,1000,0,0,0,1,0
SPI_FLASH,EXCELSEMI,ES25M16A,4862485,2097152,256,0,0,1000,0,0,0,1,0
SPI_FLASH,FIDELIX,FM25Q04A,16265747,524288,256,0,0,1000,0,0,0,1,0
SPI_FLASH,FIDELIX,FM25Q08A,16265748,1048576,256,0,0,1000,0,0,0,1,0
SPI_FLASH,FIDELIX,FM25Q16A,16265749,2097152,256,0,0,1200,0,0,0,1,0
SPI_FLASH,FIDELIX,FM25Q32A,16265750,4194304,256,0,0,1000,0,0,0,1,0
SPI_FLASH,FIDELIX,FM25Q64A,16265751,8388608,256,0,0,1000,0,0,0,1,0
SPI_FLASH,FIDELIX,FM25M04A(1.8V),16269843,524288,256,0,0,1000,0,0,0,1,0
SPI_FLASH,FIDELIX,FM25M08A(1.8V),16269844,1048576,256,0,0,1000,0,0,0,1,0
SPI_FLASH,FIDELIX,FM25M16A(1.8V),16269845,2097152,256,0,0,1000,0,0,0,1,0
SPI_FLASH,FIDELIX,FM25M32A(1.8V),16269846,4194304,256,0,0,1000,0,0,0,1,0
SPI_FLASH,FIDELIX,FM25M64A(1.8V),16269847,8388608,256,0,0,1000,0,0,0,1,0
SPI_FLASH,FIDELIX,FM25M4AA(1.8V),16269848,16777216,256,0,0,1200,0,0,0,1,0
SPI_FLASH,GIGADEVICE,GD25LQ05B(1.8v),13131792,65536,256,0,0,1000,0,0,0,1,0
SPI_FLASH,GIGADEVICE,GD25LQ10B(1.8v),13131793,131072,256,0,0,1000,0,0,0,1,0
SPI_FLASH,GIGADEVICE,GD25LQ20B(1.8v),13131794,262144,256,0,0,1000,0,0,0,1,0
SPI_FLASH,GIGADEVICE,GD25LQ80B(1.8V),13131796,524288,256,0,0,1000,0,0,0,1,0
SPI_FLASH,PCT,PCT25VF512A,48968,65536,256,0,0,1000,0,0,0,1,0
SPI_FLASH,PCT,PCT25VF010A,48969,131072,256,0,0,1000,0,0,0,1,0
SPI_FLASH,PCT,PCT25VF020A,48963,262144,256,0,0,1000,0,0,0,1,0
SPI_FLASH,PCT,PCT25VF040A,12526989,524288,256,0,0,1000,0,0,0,1,0
SPI_FLASH,PCT,PCT25VF080A,12526990,1048576,256,0,0,1000,0,0,0,1,0
SPI_FLASH,CHINGIS,PM25LQ512,8363280,65536,256,0,0,1000,0,0,0,1,0
SPI_FLASH,CHINGIS,PM25LQ010,8363281,131072,256,0,0,1000,0,0,0,1,0
SPI_FLASH,CHINGIS,PM25LQ020,8363282,262144,256,0,0,1000,0,0,0,1,0
SPI_FLASH,CHINGIS,PM25LQ040,8363390,524288,256,0,0,1000,0,0,0,1,0
SPI_FLASH,CHINGIS,PM25LQ080,8363283,1048576,256,0,0,1000,0,0,0,1,0
SPI_FLASH,CHINGIS,PM25LQ016,8363284,2097152,256,0,0,1000,0,0,0,1,0
SPI_FLASH,CHINGIS,PM25LQ032,8363285,4194304,256,0,0,1000,0,0,0,1,0
SPI_FLASH,SANYO,LE25FW406M,25095,524288,256,0,0,1000,0,0,0,1,0
SPI_FLASH,SANYO,LE25FW406AM,25114,524288,256,0,0,1000,0,0,0,1,0
SPI_FLASH,XTXtect,PN25F04A,14696467,524288,256,0,0,1000,0,0,0,1,0
SPI_FLASH,XTXtect,PN25F04C,1847571,524288,256,0,0,1000,0,0,0,1,0
SPI_FLASH,XTXtect,PN25F08,14696468,1048576,256,0,0,1000,0,0,0,1,0
SPI_FLASH,XTXtect,PN25F08B,6176788,1048576,256,0,0,1000,0,0,0,1,0
SPI_FLASH,FIDELIX,FM25Q04A,16265747,524288,256,0,0,1000,0,0,0,1,0
SPI_FLASH,FIDELIX,FM25Q08A,16265748,1048576,256,0,0,1000,0,0,0,1,0
SPI_FLASH,FIDELIX,FM25Q16A,16265749,2097152,256,0,0,1000,0,0,0,1,0
SPI_FLASH,FIDELIX,FM25Q32A,16265750,4194304,256,0,0,1000,0,0,0,1,0
SPI_FLASH,FIDELIX,FM25Q64A,16265751,8388608,256,0,0,1000,0,0,0,1,0
SPI_FLASH,ZBITSemi,ZB25D40,6176787,524288,256,0,0,1000,0,0,0,1,0
SPI_FLASH,ZBITSemi,ZB25D80,6176788,1048576,256,0,0,1000,0,0,0,1,0
SPI_FLASH,ZBITSemi,ZB25D16,6176789,2097152,256,0,0,1000,0,0,0,1,0
SPI_FLASH,ZBITSemi,ZB25LQ40(1.8V),6184979,524288,256,0,0,1000,0,0,0,1,0
SPI_FLASH,ZBITSemi,ZB25VQ20,6184978,262144,256,0,0,1000,0,0,0,1,0
SPI_FLASH,ZBITSemi,ZB25VQ40,6184979,524288,256,0,0,1000,0,0,0,1,0
SPI_FLASH,ZBITSemi,ZB25VQ80,6184980,1048576,256,0,0,1000,0,0,0,1,0
SPI_FLASH,ZBITSemi,ZB25VQ16,6184981,2097152,256,0,0,1000,0,0,0,1,0
SPI_FLASH,ZBITSemi,ZB25VQ32,6176790,4194304,256,0,0,1000,0,0,0,1,0
SPI_FLASH,ZBITSemi,ZB25VQ64,6176791,8388608,256,0,0,1000,0,0,0,1,0
SPI_FLASH,ZBITSemi,ZB25VQ128,6176792,16777216,256,0,0,1200,0,0,0,1,0
SPI_FLASH,GIGADEVICE,GD25LQ64(1.8V),13131799,8388608,256,0,0,1000,0,0,0,1,0
SPI_FLASH,GIGADEVICE,GD25LQ32(1.8V),13131798,4194304,256,0,0,1000,0,0,0,1,0
SPI_FLASH,GIGADEVICE,GD25LQ16(1.8V),13131797,2097152,256,0,0,1000,0,0,0,1,0
SPI_FLASH,SST,SST25VF512A,48968,65536,256,0,1,1000,0,0,0,1,0
SPI_FLASH,MICRON,N25Q064A,2144791,8388608,256,0,1,1000,0,0,0,1,0
SPI_FLASH,MXIC,MX25L51245G,12722202,67108864,256,0,0,3000,0,0,0,1,0
SPI_FLASH,CHINGIS,PM25LV020,8363389,262144,256,0,0,1000,0,0,0,1,0
SPI_FLASH,CHINGIS,PM25LD512C,8363296,65536,256,0,0,1000,0,0,0,1,0
SPI_FLASH,CHINGIS,PM25LV512A,8363296,65536,256,0,0,1000,0,0,0,1,0
SPI_FLASH,CHINGIS,PM25LV512,8363296,65536,256,0,0,1000,0,0,0,1,0
93_EEPROM,SEIKO,S-93C66BD,0,512,16,2,89,3000,0,0,0,1,2
93_EEPROM,SEIKO,S-93C76A,0,1024,16,2,91,3000,0,0,0,1,2
SPI_FLASH,SPANSION,S25FL256S,66073,33554432,256,0,0,3000,0,0,0,1,0
SPI_FLASH,SPANSION,S25FL256L,90137,33554432,256,0,0,3000,0,0,0,1,0
SPI_FLASH,SPANSION,S25FL512S,66080,67108864,256,0,0,3000,0,0,0,1,0
SPI_FLASH,XMC,XM25QH32B,2113558,4194304,256,0,0,1000,0,0,0,1,0
SPI_FLASH,XMC,XM25QH32C,2113558,4194304,256,0,0,1000,0,0,0,1,0
SPI_FLASH,XMC,XM25QH64A,2125847,8388608,256,0,0,1000,0,0,0,1,0
SPI_FLASH,XMC,XM25QH64B,2125847,8388608,256,0,0,1000,0,0,0,1,0
SPI_FLASH,XMC,XM25QH128A,2125848,16777216,256,0,0,1400,0,0,0,1,0
SPI_FLASH,XMC,XM25QH128B,2125848,16777216,256,0,0,1400,0,0,0,1,0
SPI_FLASH,XMC,XM25QH16B,2113557,2097152,256,0,0,1000,0,0,0,1,0
SPI_FLASH,XMC,XM25QH80B,2113556,1048576,256,0,0,1000,0,0,0,1,0
SPI_FLASH,XMC,XM25QH40B,2113555,524288,256,0,0,1000,0,0,0,1,0
25_EEPROM,RAMTRON,FM25L04B,0,512,32,3,0,1000,0,2,0,4,0
SPI_FLASH,EON,EN25QH32,1863702,4194304,256,0,0,1000,0,0,0,1,0
SPI_FLASH,EON,EN25QH64,1863703,8388608,256,0,0,1000,0,0,0,1,0
SPI_FLASH,EON,EN25QH128,1863704,16777216,256,0,0,1200,0,0,0,1,0
SPI_FLASH,GIGADEVICE,GD25LB64CS(1.8V),13131799,8388608,256,0,0,1000,0,0,0,1,0
SPI_FLASH,GIGADEVICE,GD25LQ128(1.8v),13131800,16777216,256,0,0,1300,0,0,0,1,0
SPI_FLASH,MXIC,MX25V2026D,12722194,262144,256,0,0,2000,0,0,0,1,0
SPI_FLASH,SPANSION,S25FL164KIF,81943,8388608,256,0,0,1200,0,0,0,1,0
SPI_FLASH,MICRON,N25Q032A,2144790,4194304,256,0,0,1200,0,0,0,1,0
SPI_FLASH,MICRON,N25Q128A,134049,16777216,256,0,0,1200,0,0,0,1,0
SPI_FLASH,ISSI,IS25LQ16B,10305557,2097152,256,0,0,1000,0,0,0,1,0
SPI_FLASH,ISSI,IS25LP016D,10313749,2097152,256,0,0,1000,0,0,0,1,0
SPI_FLASH,MXIC,MX25L12873E,12722200,16777216,256,0,0,2000,0,0,0,1,0
SPI_FLASH,PMC,PM25LV080B,40211,1048576,256,0,0,1000,0,0,0,1,0
93_EEPROM,ROHM,BR93A57RF,0,256,32,2,89,1000,0,2,0,4,0
25_EEPROM,RAMTRON,FM25CL64B,0,8192,32,3,1,20000,0,2,0,4,0
